ts,ghi
2021-12-31 23:00:00,0.0
2022-01-01 00:00:00,0.0
2022-01-01 01:00:00,0.0
2022-01-01 02:00:00,0.0
2022-01-01 03:00:00,0.0
2022-01-01 04:00:00,0.0
2022-01-01 05:00:00,0.0
2022-01-01 06:00:00,0.0
2022-01-01 07:00:00,1.5264583333333333
2022-01-01 08:00:00,32.963564814814816
2022-01-01 09:00:00,84.1244212962963
2022-01-01 10:00:00,119.48344907407406
2022-01-01 11:00:00,161.01965277777782
2022-01-01 12:00:00,161.69469907407404
2022-01-01 13:00:00,131.53398148148145
2022-01-01 14:00:00,61.3530324074075
2022-01-01 15:00:00,6.726435185185142
2022-01-01 16:00:00,0.0
2022-01-01 17:00:00,0.0
2022-01-01 18:00:00,0.0
2022-01-01 19:00:00,0.0
2022-01-01 20:00:00,0.0
2022-01-01 21:00:00,0.0
2022-01-01 22:00:00,0.0
2022-01-01 23:00:00,0.0
2022-01-02 00:00:00,0.0
2022-01-02 01:00:00,0.0
2022-01-02 02:00:00,0.0
2022-01-02 03:00:00,0.0
2022-01-02 04:00:00,0.0
2022-01-02 05:00:00,0.0
2022-01-02 06:00:00,0.0
2022-01-02 07:00:00,0.48553240740740744
2022-01-02 08:00:00,14.138912037037038
2022-01-02 09:00:00,30.62719907407407
2022-01-02 10:00:00,94.89004629629629
2022-01-02 11:00:00,192.45497685185188
2022-01-02 12:00:00,164.37837962962965
2022-01-02 13:00:00,116.52226851851854
2022-01-02 14:00:00,57.62967592592584
2022-01-02 15:00:00,8.08092592592597
2022-01-02 16:00:00,0.0
2022-01-02 17:00:00,0.0
2022-01-02 18:00:00,0.0
2022-01-02 19:00:00,0.0
2022-01-02 20:00:00,0.0
2022-01-02 21:00:00,0.0
2022-01-02 22:00:00,0.0
2022-01-02 23:00:00,0.0
2022-01-03 00:00:00,0.0
2022-01-03 01:00:00,0.0
2022-01-03 02:00:00,0.0
2022-01-03 03:00:00,0.0
2022-01-03 04:00:00,0.0
2022-01-03 05:00:00,0.0
2022-01-03 06:00:00,0.0
2022-01-03 07:00:00,1.546875
2022-01-03 08:00:00,29.235625
2022-01-03 09:00:00,73.5679398148148
2022-01-03 10:00:00,105.80789351851853
2022-01-03 11:00:00,88.07324074074076
2022-01-03 12:00:00,58.75590277777778
2022-01-03 13:00:00,30.743287037037014
2022-01-03 14:00:00,19.723680555555557
2022-01-03 15:00:00,2.46726851851854
2022-01-03 16:00:00,0.0
2022-01-03 17:00:00,0.0
2022-01-03 18:00:00,0.0
2022-01-03 19:00:00,0.0
2022-01-03 20:00:00,0.0
2022-01-03 21:00:00,0.0
2022-01-03 22:00:00,0.0
2022-01-03 23:00:00,0.0
2022-01-04 00:00:00,0.0
2022-01-04 01:00:00,0.0
2022-01-04 02:00:00,0.0
2022-01-04 03:00:00,0.0
2022-01-04 04:00:00,0.0
2022-01-04 05:00:00,0.0
2022-01-04 06:00:00,0.0
2022-01-04 07:00:00,0.40479166666666666
2022-01-04 08:00:00,10.719583333333333
2022-01-04 09:00:00,26.405694444444446
2022-01-04 10:00:00,59.027268518518525
2022-01-04 11:00:00,90.82293981481482
2022-01-04 12:00:00,104.45636574074076
2022-01-04 13:00:00,56.83525462962959
2022-01-04 14:00:00,25.53601851851854
2022-01-04 15:00:00,5.741296296296317
2022-01-04 16:00:00,0.0
2022-01-04 17:00:00,0.0
2022-01-04 18:00:00,0.0
2022-01-04 19:00:00,0.0
2022-01-04 20:00:00,0.0
2022-01-04 21:00:00,0.0
2022-01-04 22:00:00,0.0
2022-01-04 23:00:00,0.0
2022-01-05 00:00:00,0.0
2022-01-05 01:00:00,0.0
2022-01-05 02:00:00,0.0
2022-01-05 03:00:00,0.0
2022-01-05 04:00:00,0.0
2022-01-05 05:00:00,0.0
2022-01-05 06:00:00,0.0
2022-01-05 07:00:00,1.9415740740740741
2022-01-05 08:00:00,43.34215277777778
2022-01-05 09:00:00,85.73692129629629
2022-01-05 10:00:00,140.0337037037037
2022-01-05 11:00:00,142.18043981481483
2022-01-05 12:00:00,115.32571759259257
2022-01-05 13:00:00,76.55474537037036
2022-01-05 14:00:00,35.56525462962971
2022-01-05 15:00:00,6.115
2022-01-05 16:00:00,0.0
2022-01-05 17:00:00,0.0
2022-01-05 18:00:00,0.0
2022-01-05 19:00:00,0.0
2022-01-05 20:00:00,0.0
2022-01-05 21:00:00,0.0
2022-01-05 22:00:00,0.0
2022-01-05 23:00:00,0.0
2022-01-06 00:00:00,0.0
2022-01-06 01:00:00,0.0
2022-01-06 02:00:00,0.0
2022-01-06 03:00:00,0.0
2022-01-06 04:00:00,0.0
2022-01-06 05:00:00,0.0
2022-01-06 06:00:00,0.0
2022-01-06 07:00:00,2.593587962962963
2022-01-06 08:00:00,58.547731481481485
2022-01-06 09:00:00,146.23578703703706
2022-01-06 10:00:00,205.49393518518517
2022-01-06 11:00:00,216.64256944444443
2022-01-06 12:00:00,183.1832638888889
2022-01-06 13:00:00,142.38354166666667
2022-01-06 14:00:00,74.29578703703709
2022-01-06 15:00:00,11.86111111111111
2022-01-06 16:00:00,0.0
2022-01-06 17:00:00,0.0
2022-01-06 18:00:00,0.0
2022-01-06 19:00:00,0.0
2022-01-06 20:00:00,0.0
2022-01-06 21:00:00,0.0
2022-01-06 22:00:00,0.0
2022-01-06 23:00:00,0.0
2022-01-07 00:00:00,0.0
2022-01-07 01:00:00,0.0
2022-01-07 02:00:00,0.0
2022-01-07 03:00:00,0.0
2022-01-07 04:00:00,0.0
2022-01-07 05:00:00,0.0
2022-01-07 06:00:00,0.0
2022-01-07 07:00:00,1.4752314814814813
2022-01-07 08:00:00,34.26587962962963
2022-01-07 09:00:00,74.81946759259259
2022-01-07 10:00:00,150.8541898148148
2022-01-07 11:00:00,153.3613194444445
2022-01-07 12:00:00,115.95923611111111
2022-01-07 13:00:00,107.86893518518521
2022-01-07 14:00:00,61.98476851851848
2022-01-07 15:00:00,5.475925925925969
2022-01-07 16:00:00,0.0
2022-01-07 17:00:00,0.0
2022-01-07 18:00:00,0.0
2022-01-07 19:00:00,0.0
2022-01-07 20:00:00,0.0
2022-01-07 21:00:00,0.0
2022-01-07 22:00:00,0.0
2022-01-07 23:00:00,0.0
2022-01-08 00:00:00,0.0
2022-01-08 01:00:00,0.0
2022-01-08 02:00:00,0.0
2022-01-08 03:00:00,0.0
2022-01-08 04:00:00,0.0
2022-01-08 05:00:00,0.0
2022-01-08 06:00:00,0.0
2022-01-08 07:00:00,2.7113194444444444
2022-01-08 08:00:00,50.007268518518515
2022-01-08 09:00:00,90.28090277777778
2022-01-08 10:00:00,142.93997685185187
2022-01-08 11:00:00,157.97136574074074
2022-01-08 12:00:00,95.11604166666666
2022-01-08 13:00:00,46.943518518518474
2022-01-08 14:00:00,22.274097222222224
2022-01-08 15:00:00,2.8518055555555555
2022-01-08 16:00:00,0.0
2022-01-08 17:00:00,0.0
2022-01-08 18:00:00,0.0
2022-01-08 19:00:00,0.0
2022-01-08 20:00:00,0.0
2022-01-08 21:00:00,0.0
2022-01-08 22:00:00,0.0
2022-01-08 23:00:00,0.0
2022-01-09 00:00:00,0.0
2022-01-09 01:00:00,0.0
2022-01-09 02:00:00,0.0
2022-01-09 03:00:00,0.0
2022-01-09 04:00:00,0.0
2022-01-09 05:00:00,0.0
2022-01-09 06:00:00,0.0
2022-01-09 07:00:00,1.9798842592592591
2022-01-09 08:00:00,27.329444444444444
2022-01-09 09:00:00,54.960370370370384
2022-01-09 10:00:00,100.06909722222221
2022-01-09 11:00:00,162.2393287037037
2022-01-09 12:00:00,170.90125
2022-01-09 13:00:00,136.91379629629625
2022-01-09 14:00:00,79.304375
2022-01-09 15:00:00,15.331805555555556
2022-01-09 16:00:00,0.0
2022-01-09 17:00:00,0.0
2022-01-09 18:00:00,0.0
2022-01-09 19:00:00,0.0
2022-01-09 20:00:00,0.0
2022-01-09 21:00:00,0.0
2022-01-09 22:00:00,0.0
2022-01-09 23:00:00,0.0
2022-01-10 00:00:00,0.0
2022-01-10 01:00:00,0.0
2022-01-10 02:00:00,0.0
2022-01-10 03:00:00,0.0
2022-01-10 04:00:00,0.0
2022-01-10 05:00:00,0.0
2022-01-10 06:00:00,0.0
2022-01-10 07:00:00,2.633263888888889
2022-01-10 08:00:00,48.51914351851852
2022-01-10 09:00:00,116.4627314814815
2022-01-10 10:00:00,165.73608796296298
2022-01-10 11:00:00,187.52599537037034
2022-01-10 12:00:00,214.20111111111112
2022-01-10 13:00:00,172.5058796296296
2022-01-10 14:00:00,87.6873842592593
2022-01-10 15:00:00,15.785023148148191
2022-01-10 16:00:00,0.0
2022-01-10 17:00:00,0.0
2022-01-10 18:00:00,0.0
2022-01-10 19:00:00,0.0
2022-01-10 20:00:00,0.0
2022-01-10 21:00:00,0.0
2022-01-10 22:00:00,0.0
2022-01-10 23:00:00,0.0
2022-01-11 00:00:00,0.0
2022-01-11 01:00:00,0.0
2022-01-11 02:00:00,0.0
2022-01-11 03:00:00,0.0
2022-01-11 04:00:00,0.0
2022-01-11 05:00:00,0.0
2022-01-11 06:00:00,0.0
2022-01-11 07:00:00,3.4447453703703705
2022-01-11 08:00:00,65.42111111111112
2022-01-11 09:00:00,148.19576388888888
2022-01-11 10:00:00,219.35993055555554
2022-01-11 11:00:00,253.64453703703703
2022-01-11 12:00:00,240.80835648148152
2022-01-11 13:00:00,192.5883796296296
2022-01-11 14:00:00,105.98099537037041
2022-01-11 15:00:00,19.43252314814806
2022-01-11 16:00:00,0.0
2022-01-11 17:00:00,0.0
2022-01-11 18:00:00,0.0
2022-01-11 19:00:00,0.0
2022-01-11 20:00:00,0.0
2022-01-11 21:00:00,0.0
2022-01-11 22:00:00,0.0
2022-01-11 23:00:00,0.0
2022-01-12 00:00:00,0.0
2022-01-12 01:00:00,0.0
2022-01-12 02:00:00,0.0
2022-01-12 03:00:00,0.0
2022-01-12 04:00:00,0.0
2022-01-12 05:00:00,0.0
2022-01-12 06:00:00,0.0
2022-01-12 07:00:00,0.8409953703703704
2022-01-12 08:00:00,15.260046296296295
2022-01-12 09:00:00,27.147245370370374
2022-01-12 10:00:00,64.7756712962963
2022-01-12 11:00:00,70.73974537037039
2022-01-12 12:00:00,78.34425925925923
2022-01-12 13:00:00,83.60046296296295
2022-01-12 14:00:00,37.276620370370416
2022-01-12 15:00:00,9.098472222222222
2022-01-12 16:00:00,0.0
2022-01-12 17:00:00,0.0
2022-01-12 18:00:00,0.0
2022-01-12 19:00:00,0.0
2022-01-12 20:00:00,0.0
2022-01-12 21:00:00,0.0
2022-01-12 22:00:00,0.0
2022-01-12 23:00:00,0.0
2022-01-13 00:00:00,0.0
2022-01-13 01:00:00,0.0
2022-01-13 02:00:00,0.0
2022-01-13 03:00:00,0.0
2022-01-13 04:00:00,0.0
2022-01-13 05:00:00,0.0
2022-01-13 06:00:00,0.0
2022-01-13 07:00:00,3.106481481481482
2022-01-13 08:00:00,55.73331018518518
2022-01-13 09:00:00,128.19215277777778
2022-01-13 10:00:00,212.5318287037037
2022-01-13 11:00:00,244.3029398148148
2022-01-13 12:00:00,236.44532407407416
2022-01-13 13:00:00,182.63162037037029
2022-01-13 14:00:00,102.45750000000012
2022-01-13 15:00:00,20.533333333333335
2022-01-13 16:00:00,0.0
2022-01-13 17:00:00,0.0
2022-01-13 18:00:00,0.0
2022-01-13 19:00:00,0.0
2022-01-13 20:00:00,0.0
2022-01-13 21:00:00,0.0
2022-01-13 22:00:00,0.0
2022-01-13 23:00:00,0.0
2022-01-14 00:00:00,0.0
2022-01-14 01:00:00,0.0
2022-01-14 02:00:00,0.0
2022-01-14 03:00:00,0.0
2022-01-14 04:00:00,0.0
2022-01-14 05:00:00,0.0
2022-01-14 06:00:00,0.0
2022-01-14 07:00:00,4.02675925925926
2022-01-14 08:00:00,66.79136574074074
2022-01-14 09:00:00,155.76569444444445
2022-01-14 10:00:00,224.81122685185187
2022-01-14 11:00:00,253.70363425925925
2022-01-14 12:00:00,242.2248842592593
2022-01-14 13:00:00,185.94678240740737
2022-01-14 14:00:00,103.79018518518527
2022-01-14 15:00:00,21.667453703703618
2022-01-14 16:00:00,0.00020833333333333335
2022-01-14 17:00:00,0.0
2022-01-14 18:00:00,0.0
2022-01-14 19:00:00,0.0
2022-01-14 20:00:00,0.0
2022-01-14 21:00:00,0.0
2022-01-14 22:00:00,0.0
2022-01-14 23:00:00,0.0
2022-01-15 00:00:00,0.0
2022-01-15 01:00:00,0.0
2022-01-15 02:00:00,0.0
2022-01-15 03:00:00,0.0
2022-01-15 04:00:00,0.0
2022-01-15 05:00:00,0.0
2022-01-15 06:00:00,0.0
2022-01-15 07:00:00,3.9990277777777776
2022-01-15 08:00:00,61.625370370370376
2022-01-15 09:00:00,154.9801388888889
2022-01-15 10:00:00,210.22421296296295
2022-01-15 11:00:00,230.92465277777777
2022-01-15 12:00:00,222.36518518518514
2022-01-15 13:00:00,178.12916666666666
2022-01-15 14:00:00,102.18046296296305
2022-01-15 15:00:00,22.961620370370415
2022-01-15 16:00:00,0.0
2022-01-15 17:00:00,6.944444444444444e-05
2022-01-15 18:00:00,0.0
2022-01-15 19:00:00,0.0
2022-01-15 20:00:00,0.0
2022-01-15 21:00:00,0.0
2022-01-15 22:00:00,0.0
2022-01-15 23:00:00,0.0
2022-01-16 00:00:00,0.0
2022-01-16 01:00:00,0.0
2022-01-16 02:00:00,0.0
2022-01-16 03:00:00,0.0
2022-01-16 04:00:00,0.0
2022-01-16 05:00:00,0.0
2022-01-16 06:00:00,0.0
2022-01-16 07:00:00,2.250208333333333
2022-01-16 08:00:00,29.6118287037037
2022-01-16 09:00:00,64.78782407407408
2022-01-16 10:00:00,108.66564814814816
2022-01-16 11:00:00,93.88361111111108
2022-01-16 12:00:00,55.895625
2022-01-16 13:00:00,33.207731481481524
2022-01-16 14:00:00,17.993425925925905
2022-01-16 15:00:00,5.604490740740762
2022-01-16 16:00:00,2.3148148126589756e-05
2022-01-16 17:00:00,0.0
2022-01-16 18:00:00,0.0
2022-01-16 19:00:00,0.0
2022-01-16 20:00:00,0.0
2022-01-16 21:00:00,0.0
2022-01-16 22:00:00,0.0
2022-01-16 23:00:00,0.0
2022-01-17 00:00:00,0.0
2022-01-17 01:00:00,0.0
2022-01-17 02:00:00,0.0
2022-01-17 03:00:00,0.0
2022-01-17 04:00:00,0.0
2022-01-17 05:00:00,0.0
2022-01-17 06:00:00,0.0
2022-01-17 07:00:00,1.4064351851851853
2022-01-17 08:00:00,19.117638888888887
2022-01-17 09:00:00,38.016597222222224
2022-01-17 10:00:00,57.840277777777786
2022-01-17 11:00:00,61.039259259259254
2022-01-17 12:00:00,48.66180555555555
2022-01-17 13:00:00,38.46858796296295
2022-01-17 14:00:00,22.688564814814825
2022-01-17 15:00:00,5.831689814814793
2022-01-17 16:00:00,0.0
2022-01-17 17:00:00,0.0
2022-01-17 18:00:00,0.0
2022-01-17 19:00:00,0.0
2022-01-17 20:00:00,0.0
2022-01-17 21:00:00,0.0
2022-01-17 22:00:00,0.0
2022-01-17 23:00:00,0.0
2022-01-18 00:00:00,0.0
2022-01-18 01:00:00,0.0
2022-01-18 02:00:00,0.0
2022-01-18 03:00:00,0.0
2022-01-18 04:00:00,0.0
2022-01-18 05:00:00,0.0
2022-01-18 06:00:00,0.0
2022-01-18 07:00:00,1.6047453703703702
2022-01-18 08:00:00,22.07752314814815
2022-01-18 09:00:00,46.71111111111111
2022-01-18 10:00:00,65.94219907407407
2022-01-18 11:00:00,74.6324537037037
2022-01-18 12:00:00,101.43192129629628
2022-01-18 13:00:00,96.58865740740742
2022-01-18 14:00:00,48.54152777777778
2022-01-18 15:00:00,14.088703703703683
2022-01-18 16:00:00,0.0
2022-01-18 17:00:00,0.0
2022-01-18 18:00:00,0.0
2022-01-18 19:00:00,0.0
2022-01-18 20:00:00,0.0
2022-01-18 21:00:00,0.0
2022-01-18 22:00:00,0.0
2022-01-18 23:00:00,0.0
2022-01-19 00:00:00,0.0
2022-01-19 01:00:00,0.0
2022-01-19 02:00:00,0.0
2022-01-19 03:00:00,0.0
2022-01-19 04:00:00,0.0
2022-01-19 05:00:00,0.0
2022-01-19 06:00:00,0.0
2022-01-19 07:00:00,6.0814814814814815
2022-01-19 08:00:00,73.79037037037038
2022-01-19 09:00:00,146.14363425925924
2022-01-19 10:00:00,180.63486111111112
2022-01-19 11:00:00,118.73608796296298
2022-01-19 12:00:00,97.51488425925923
2022-01-19 13:00:00,70.77099537037041
2022-01-19 14:00:00,40.7407407407407
2022-01-19 15:00:00,10.017453703703747
2022-01-19 16:00:00,0.0001388888888888889
2022-01-19 17:00:00,0.0
2022-01-19 18:00:00,0.0
2022-01-19 19:00:00,0.0
2022-01-19 20:00:00,0.0
2022-01-19 21:00:00,0.0
2022-01-19 22:00:00,0.0
2022-01-19 23:00:00,0.0
2022-01-20 00:00:00,0.0
2022-01-20 01:00:00,0.0
2022-01-20 02:00:00,0.0
2022-01-20 03:00:00,0.0
2022-01-20 04:00:00,0.0
2022-01-20 05:00:00,0.0
2022-01-20 06:00:00,0.0
2022-01-20 07:00:00,2.858912037037037
2022-01-20 08:00:00,56.80097222222222
2022-01-20 09:00:00,143.54629629629628
2022-01-20 10:00:00,199.42974537037034
2022-01-20 11:00:00,232.197037037037
2022-01-20 12:00:00,191.741875
2022-01-20 13:00:00,162.4367824074075
2022-01-20 14:00:00,100.87013888888889
2022-01-20 15:00:00,29.932245370370286
2022-01-20 16:00:00,0.0
2022-01-20 17:00:00,0.0
2022-01-20 18:00:00,0.0
2022-01-20 19:00:00,0.0
2022-01-20 20:00:00,0.0
2022-01-20 21:00:00,0.0
2022-01-20 22:00:00,0.0
2022-01-20 23:00:00,0.0
2022-01-21 00:00:00,0.0
2022-01-21 01:00:00,0.0
2022-01-21 02:00:00,0.0
2022-01-21 03:00:00,0.0
2022-01-21 04:00:00,0.0
2022-01-21 05:00:00,0.0
2022-01-21 06:00:00,0.0
2022-01-21 07:00:00,5.367199074074074
2022-01-21 08:00:00,58.424236111111114
2022-01-21 09:00:00,114.48474537037038
2022-01-21 10:00:00,164.37324074074075
2022-01-21 11:00:00,168.2995138888889
2022-01-21 12:00:00,156.3763194444444
2022-01-21 13:00:00,67.45784722222223
2022-01-21 14:00:00,40.032916666666665
2022-01-21 15:00:00,10.136412037037081
2022-01-21 16:00:00,0.0
2022-01-21 17:00:00,0.0
2022-01-21 18:00:00,0.0
2022-01-21 19:00:00,0.0
2022-01-21 20:00:00,0.0
2022-01-21 21:00:00,0.0
2022-01-21 22:00:00,0.0
2022-01-21 23:00:00,0.0
2022-01-22 00:00:00,0.0
2022-01-22 01:00:00,0.0
2022-01-22 02:00:00,0.0
2022-01-22 03:00:00,0.0
2022-01-22 04:00:00,0.0
2022-01-22 05:00:00,0.0
2022-01-22 06:00:00,0.0
2022-01-22 07:00:00,1.905509259259259
2022-01-22 08:00:00,16.43034722222222
2022-01-22 09:00:00,35.73229166666667
2022-01-22 10:00:00,53.45574074074074
2022-01-22 11:00:00,73.26175925925926
2022-01-22 12:00:00,86.66206018518517
2022-01-22 13:00:00,79.92002314814813
2022-01-22 14:00:00,35.591759259259305
2022-01-22 15:00:00,10.277129629629586
2022-01-22 16:00:00,0.008310185185206743
2022-01-22 17:00:00,0.0
2022-01-22 18:00:00,0.0
2022-01-22 19:00:00,0.0
2022-01-22 20:00:00,6.944444444444444e-05
2022-01-22 21:00:00,0.0
2022-01-22 22:00:00,0.0
2022-01-22 23:00:00,0.0
2022-01-23 00:00:00,0.0
2022-01-23 01:00:00,0.0
2022-01-23 02:00:00,0.0
2022-01-23 03:00:00,0.0
2022-01-23 04:00:00,0.0
2022-01-23 05:00:00,0.0
2022-01-23 06:00:00,0.0
2022-01-23 07:00:00,2.223449074074074
2022-01-23 08:00:00,30.94423611111111
2022-01-23 09:00:00,59.25939814814814
2022-01-23 10:00:00,74.92305555555555
2022-01-23 11:00:00,90.25125
2022-01-23 12:00:00,136.66324074074078
2022-01-23 13:00:00,75.43212962962959
2022-01-23 14:00:00,42.228680555555556
2022-01-23 15:00:00,17.326550925925968
2022-01-23 16:00:00,0.04511574074069762
2022-01-23 17:00:00,0.0
2022-01-23 18:00:00,0.0
2022-01-23 19:00:00,0.0
2022-01-23 20:00:00,0.0
2022-01-23 21:00:00,0.0
2022-01-23 22:00:00,0.0
2022-01-23 23:00:00,0.0
2022-01-24 00:00:00,0.0
2022-01-24 01:00:00,0.0
2022-01-24 02:00:00,0.0
2022-01-24 03:00:00,0.0
2022-01-24 04:00:00,0.0
2022-01-24 05:00:00,0.0
2022-01-24 06:00:00,0.0
2022-01-24 07:00:00,9.759930555555556
2022-01-24 08:00:00,91.62773148148148
2022-01-24 09:00:00,190.21541666666667
2022-01-24 10:00:00,268.0637731481482
2022-01-24 11:00:00,306.1741898148148
2022-01-24 12:00:00,296.11009259259265
2022-01-24 13:00:00,233.02615740740737
2022-01-24 14:00:00,146.6549074074075
2022-01-24 15:00:00,47.787245370370286
2022-01-24 16:00:00,0.23645833333333333
2022-01-24 17:00:00,0.0
2022-01-24 18:00:00,0.0
2022-01-24 19:00:00,0.0
2022-01-24 20:00:00,0.0
2022-01-24 21:00:00,6.944444444444444e-05
2022-01-24 22:00:00,0.0
2022-01-24 23:00:00,0.0
2022-01-25 00:00:00,0.0
2022-01-25 01:00:00,0.0
2022-01-25 02:00:00,0.0
2022-01-25 03:00:00,0.0
2022-01-25 04:00:00,0.0
2022-01-25 05:00:00,0.0
2022-01-25 06:00:00,0.0
2022-01-25 07:00:00,7.38275462962963
2022-01-25 08:00:00,56.36736111111111
2022-01-25 09:00:00,111.91877314814816
2022-01-25 10:00:00,189.61775462962964
2022-01-25 11:00:00,192.04534722222223
2022-01-25 12:00:00,167.37946759259256
2022-01-25 13:00:00,130.06993055555554
2022-01-25 14:00:00,89.37064814814819
2022-01-25 15:00:00,29.072407407407365
2022-01-25 16:00:00,0.29375
2022-01-25 17:00:00,0.0
2022-01-25 18:00:00,0.0
2022-01-25 19:00:00,0.0
2022-01-25 20:00:00,0.0
2022-01-25 21:00:00,4.629629625317951e-05
2022-01-25 22:00:00,0.0
2022-01-25 23:00:00,0.0
2022-01-26 00:00:00,0.0
2022-01-26 01:00:00,0.0
2022-01-26 02:00:00,0.0
2022-01-26 03:00:00,0.0
2022-01-26 04:00:00,0.0
2022-01-26 05:00:00,0.0
2022-01-26 06:00:00,0.0
2022-01-26 07:00:00,5.358726851851852
2022-01-26 08:00:00,39.544328703703705
2022-01-26 09:00:00,86.62342592592591
2022-01-26 10:00:00,109.47613425925925
2022-01-26 11:00:00,116.63409722222225
2022-01-26 12:00:00,104.58520833333333
2022-01-26 13:00:00,85.51446759259257
2022-01-26 14:00:00,50.553703703703746
2022-01-26 15:00:00,19.171990740740696
2022-01-26 16:00:00,0.31629629629625317
2022-01-26 17:00:00,0.0
2022-01-26 18:00:00,0.0
2022-01-26 19:00:00,0.0
2022-01-26 20:00:00,0.00023148148152459826
2022-01-26 21:00:00,0.0
2022-01-26 22:00:00,0.0
2022-01-26 23:00:00,0.0
2022-01-27 00:00:00,0.0
2022-01-27 01:00:00,0.0
2022-01-27 02:00:00,0.0
2022-01-27 03:00:00,0.0
2022-01-27 04:00:00,0.0
2022-01-27 05:00:00,0.0
2022-01-27 06:00:00,0.0
2022-01-27 07:00:00,6.265833333333333
2022-01-27 08:00:00,25.635162037037034
2022-01-27 09:00:00,32.115347222222226
2022-01-27 10:00:00,35.11652777777777
2022-01-27 11:00:00,23.043217592592605
2022-01-27 12:00:00,37.857245370370364
2022-01-27 13:00:00,24.436412037037048
2022-01-27 14:00:00,14.637314814814793
2022-01-27 15:00:00,7.90863425925927
2022-01-27 16:00:00,0.1992361111111111
2022-01-27 17:00:00,0.0
2022-01-27 18:00:00,0.0
2022-01-27 19:00:00,0.0
2022-01-27 20:00:00,0.00016203703704781622
2022-01-27 21:00:00,0.0
2022-01-27 22:00:00,0.0
2022-01-27 23:00:00,0.0
2022-01-28 00:00:00,0.0
2022-01-28 01:00:00,0.0
2022-01-28 02:00:00,0.0
2022-01-28 03:00:00,0.0
2022-01-28 04:00:00,0.0
2022-01-28 05:00:00,0.0
2022-01-28 06:00:00,0.0
2022-01-28 07:00:00,9.994097222222223
2022-01-28 08:00:00,71.86178240740742
2022-01-28 09:00:00,132.21694444444444
2022-01-28 10:00:00,188.87409722222225
2022-01-28 11:00:00,212.72087962962965
2022-01-28 12:00:00,243.41682870370363
2022-01-28 13:00:00,149.7799074074075
2022-01-28 14:00:00,105.6504861111111
2022-01-28 15:00:00,34.69215277777778
2022-01-28 16:00:00,0.9212037037036175
2022-01-28 17:00:00,0.0
2022-01-28 18:00:00,0.0
2022-01-28 19:00:00,0.0
2022-01-28 20:00:00,0.0
2022-01-28 21:00:00,0.0
2022-01-28 22:00:00,0.0
2022-01-28 23:00:00,0.0
2022-01-29 00:00:00,0.0
2022-01-29 01:00:00,0.0
2022-01-29 02:00:00,0.0
2022-01-29 03:00:00,0.0
2022-01-29 04:00:00,0.0
2022-01-29 05:00:00,0.0
2022-01-29 06:00:00,0.0
2022-01-29 07:00:00,3.309560185185185
2022-01-29 08:00:00,17.358078703703704
2022-01-29 09:00:00,37.39421296296296
2022-01-29 10:00:00,58.37497685185185
2022-01-29 11:00:00,71.41532407407408
2022-01-29 12:00:00,76.98949074074073
2022-01-29 13:00:00,94.91608796296295
2022-01-29 14:00:00,74.31349537037042
2022-01-29 15:00:00,24.21810185185181
2022-01-29 16:00:00,0.4185879629629845
2022-01-29 17:00:00,0.0
2022-01-29 18:00:00,0.0
2022-01-29 19:00:00,0.0
2022-01-29 20:00:00,0.0
2022-01-29 21:00:00,0.0
2022-01-29 22:00:00,0.0
2022-01-29 23:00:00,0.0
2022-01-30 00:00:00,0.0
2022-01-30 01:00:00,0.0
2022-01-30 02:00:00,0.0
2022-01-30 03:00:00,0.0
2022-01-30 04:00:00,0.0
2022-01-30 05:00:00,0.0
2022-01-30 06:00:00,0.0
2022-01-30 07:00:00,10.609004629629629
2022-01-30 08:00:00,82.40946759259259
2022-01-30 09:00:00,145.1555324074074
2022-01-30 10:00:00,203.30689814814815
2022-01-30 11:00:00,273.40344907407405
2022-01-30 12:00:00,258.14356481481485
2022-01-30 13:00:00,229.71266203703695
2022-01-30 14:00:00,162.42270833333333
2022-01-30 15:00:00,67.1359259259261
2022-01-30 16:00:00,2.198842592592506
2022-01-30 17:00:00,0.0
2022-01-30 18:00:00,0.0
2022-01-30 19:00:00,0.0
2022-01-30 20:00:00,4.6296296382529866e-05
2022-01-30 21:00:00,0.0
2022-01-30 22:00:00,0.0
2022-01-30 23:00:00,0.0
2022-01-31 00:00:00,0.0
2022-01-31 01:00:00,0.0
2022-01-31 02:00:00,0.0
2022-01-31 03:00:00,0.0
2022-01-31 04:00:00,0.0
2022-01-31 05:00:00,0.0
2022-01-31 06:00:00,0.0
2022-01-31 07:00:00,5.791342592592592
2022-01-31 08:00:00,19.67976851851852
2022-01-31 09:00:00,60.46162037037036
2022-01-31 10:00:00,63.25506944444446
2022-01-31 11:00:00,84.3649074074074
2022-01-31 12:00:00,114.83506944444444
2022-01-31 13:00:00,52.337361111111115
2022-01-31 14:00:00,28.51675925925924
2022-01-31 15:00:00,9.11865740740743
2022-01-31 16:00:00,0.5787268518518734
2022-01-31 17:00:00,0.0
2022-01-31 18:00:00,0.0
2022-01-31 19:00:00,0.0
2022-01-31 20:00:00,0.0
2022-01-31 21:00:00,6.944444444444444e-05
2022-01-31 22:00:00,0.0
2022-01-31 23:00:00,0.0
2022-02-01 00:00:00,0.0
2022-02-01 01:00:00,0.0
2022-02-01 02:00:00,0.0
2022-02-01 03:00:00,0.0
2022-02-01 04:00:00,0.0
2022-02-01 05:00:00,0.0
2022-02-01 06:00:00,0.0
2022-02-01 07:00:00,9.029537037037036
2022-02-01 08:00:00,16.189745370370375
2022-02-01 09:00:00,22.61055555555555
2022-02-01 10:00:00,34.238888888888894
2022-02-01 11:00:00,33.835208333333334
2022-02-01 12:00:00,36.75775462962964
2022-02-01 13:00:00,29.424166666666668
2022-02-01 14:00:00,14.864351851851842
2022-02-01 15:00:00,7.288333333333333
2022-02-01 16:00:00,0.6234953703703812
2022-02-01 17:00:00,0.0
2022-02-01 18:00:00,0.0
2022-02-01 19:00:00,0.0
2022-02-01 20:00:00,0.0
2022-02-01 21:00:00,0.0
2022-02-01 22:00:00,0.0
2022-02-01 23:00:00,0.0
2022-02-02 00:00:00,0.0
2022-02-02 01:00:00,0.0
2022-02-02 02:00:00,0.0
2022-02-02 03:00:00,0.0
2022-02-02 04:00:00,0.0
2022-02-02 05:00:00,0.0
2022-02-02 06:00:00,0.0
2022-02-02 07:00:00,8.451597222222222
2022-02-02 08:00:00,39.27611111111111
2022-02-02 09:00:00,88.48298611111112
2022-02-02 10:00:00,202.9345601851852
2022-02-02 11:00:00,171.16210648148146
2022-02-02 12:00:00,169.27821759259263
2022-02-02 13:00:00,146.47157407407403
2022-02-02 14:00:00,86.17525462962959
2022-02-02 15:00:00,31.877916666666668
2022-02-02 16:00:00,1.71625
2022-02-02 17:00:00,0.0
2022-02-02 18:00:00,0.0
2022-02-02 19:00:00,0.0
2022-02-02 20:00:00,0.0
2022-02-02 21:00:00,0.0
2022-02-02 22:00:00,0.0
2022-02-02 23:00:00,0.0
2022-02-03 00:00:00,0.0
2022-02-03 01:00:00,0.0
2022-02-03 02:00:00,0.0
2022-02-03 03:00:00,0.0
2022-02-03 04:00:00,0.0
2022-02-03 05:00:00,0.0
2022-02-03 06:00:00,0.0
2022-02-03 07:00:00,7.775462962962964
2022-02-03 08:00:00,29.526273148148146
2022-02-03 09:00:00,70.8699537037037
2022-02-03 10:00:00,121.07877314814814
2022-02-03 11:00:00,103.05969907407406
2022-02-03 12:00:00,129.70879629629633
2022-02-03 13:00:00,93.15805555555555
2022-02-03 14:00:00,58.220810185185144
2022-02-03 15:00:00,21.29280092592597
2022-02-03 16:00:00,1.153935185185142
2022-02-03 17:00:00,0.0
2022-02-03 18:00:00,0.0
2022-02-03 19:00:00,0.0
2022-02-03 20:00:00,0.0
2022-02-03 21:00:00,0.0
2022-02-03 22:00:00,0.0
2022-02-03 23:00:00,0.0
2022-02-04 00:00:00,0.0
2022-02-04 01:00:00,0.0
2022-02-04 02:00:00,0.0
2022-02-04 03:00:00,0.0
2022-02-04 04:00:00,0.0
2022-02-04 05:00:00,0.0
2022-02-04 06:00:00,0.0
2022-02-04 07:00:00,10.304768518518518
2022-02-04 08:00:00,31.416504629629635
2022-02-04 09:00:00,42.21277777777777
2022-02-04 10:00:00,67.51113425925925
2022-02-04 11:00:00,115.00004629629632
2022-02-04 12:00:00,160.15685185185185
2022-02-04 13:00:00,140.55446759259257
2022-02-04 14:00:00,104.4856944444445
2022-02-04 15:00:00,33.00548611111111
2022-02-04 16:00:00,0.9187268518518087
2022-02-04 17:00:00,0.0
2022-02-04 18:00:00,0.0
2022-02-04 19:00:00,0.0
2022-02-04 20:00:00,6.944444444444444e-05
2022-02-04 21:00:00,0.0
2022-02-04 22:00:00,0.0
2022-02-04 23:00:00,0.0
2022-02-05 00:00:00,0.0
2022-02-05 01:00:00,0.0
2022-02-05 02:00:00,0.0
2022-02-05 03:00:00,0.0
2022-02-05 04:00:00,0.0
2022-02-05 05:00:00,0.0
2022-02-05 06:00:00,0.0
2022-02-05 07:00:00,20.87335648148148
2022-02-05 08:00:00,108.83
2022-02-05 09:00:00,190.03393518518521
2022-02-05 10:00:00,267.76078703703706
2022-02-05 11:00:00,236.92344907407403
2022-02-05 12:00:00,255.37129629629626
2022-02-05 13:00:00,227.4565046296296
2022-02-05 14:00:00,166.9470370370372
2022-02-05 15:00:00,65.69245370370362
2022-02-05 16:00:00,4.926134259259173
2022-02-05 17:00:00,0.0
2022-02-05 18:00:00,0.0
2022-02-05 19:00:00,0.0
2022-02-05 20:00:00,4.6296296382529866e-05
2022-02-05 21:00:00,0.0
2022-02-05 22:00:00,0.0
2022-02-05 23:00:00,0.0
2022-02-06 00:00:00,0.0
2022-02-06 01:00:00,0.0
2022-02-06 02:00:00,0.0
2022-02-06 03:00:00,0.0
2022-02-06 04:00:00,0.0
2022-02-06 05:00:00,0.0
2022-02-06 06:00:00,0.0
2022-02-06 07:00:00,4.681226851851852
2022-02-06 08:00:00,14.635370370370369
2022-02-06 09:00:00,26.97141203703704
2022-02-06 10:00:00,30.666620370370374
2022-02-06 11:00:00,38.93493055555555
2022-02-06 12:00:00,31.367314814814808
2022-02-06 13:00:00,36.247685185185176
2022-02-06 14:00:00,19.34138888888889
2022-02-06 15:00:00,9.569675925925937
2022-02-06 16:00:00,1.5747916666666666
2022-02-06 17:00:00,0.0
2022-02-06 18:00:00,0.0
2022-02-06 19:00:00,0.0
2022-02-06 20:00:00,0.0
2022-02-06 21:00:00,0.0
2022-02-06 22:00:00,0.0
2022-02-06 23:00:00,0.0
2022-02-07 00:00:00,0.0
2022-02-07 01:00:00,0.0
2022-02-07 02:00:00,0.0
2022-02-07 03:00:00,0.0
2022-02-07 04:00:00,0.0
2022-02-07 05:00:00,0.0
2022-02-07 06:00:00,0.0
2022-02-07 07:00:00,20.969236111111112
2022-02-07 08:00:00,125.40354166666667
2022-02-07 09:00:00,215.09988425925923
2022-02-07 10:00:00,289.86289351851855
2022-02-07 11:00:00,267.38803240740737
2022-02-07 12:00:00,236.69430555555556
2022-02-07 13:00:00,206.73750000000013
2022-02-07 14:00:00,182.9717361111111
2022-02-07 15:00:00,80.73597222222222
2022-02-07 16:00:00,8.351574074073902
2022-02-07 17:00:00,0.0
2022-02-07 18:00:00,0.0
2022-02-07 19:00:00,0.0
2022-02-07 20:00:00,0.0
2022-02-07 21:00:00,0.0
2022-02-07 22:00:00,0.0
2022-02-07 23:00:00,0.0
2022-02-08 00:00:00,0.0
2022-02-08 01:00:00,0.0
2022-02-08 02:00:00,0.0
2022-02-08 03:00:00,0.0
2022-02-08 04:00:00,0.0
2022-02-08 05:00:00,0.0
2022-02-08 06:00:00,0.0
2022-02-08 07:00:00,5.387615740740741
2022-02-08 08:00:00,20.810555555555556
2022-02-08 09:00:00,53.155324074074066
2022-02-08 10:00:00,80.1512037037037
2022-02-08 11:00:00,99.50208333333333
2022-02-08 12:00:00,121.82199074074073
2022-02-08 13:00:00,109.31476851851853
2022-02-08 14:00:00,62.10129629629632
2022-02-08 15:00:00,36.88555555555549
2022-02-08 16:00:00,3.498240740740827
2022-02-08 17:00:00,0.0
2022-02-08 18:00:00,0.0
2022-02-08 19:00:00,0.0
2022-02-08 20:00:00,0.0
2022-02-08 21:00:00,0.0
2022-02-08 22:00:00,0.0
2022-02-08 23:00:00,0.0
2022-02-09 00:00:00,0.0
2022-02-09 01:00:00,0.0
2022-02-09 02:00:00,0.0
2022-02-09 03:00:00,0.0
2022-02-09 04:00:00,0.0
2022-02-09 05:00:00,0.0
2022-02-09 06:00:00,0.0
2022-02-09 07:00:00,18.99212962962963
2022-02-09 08:00:00,98.60583333333334
2022-02-09 09:00:00,171.39983796296298
2022-02-09 10:00:00,262.765
2022-02-09 11:00:00,263.3568287037037
2022-02-09 12:00:00,293.1446296296297
2022-02-09 13:00:00,214.25831018518514
2022-02-09 14:00:00,161.1263888888889
2022-02-09 15:00:00,70.98768518518527
2022-02-09 16:00:00,8.840046296296125
2022-02-09 17:00:00,0.0
2022-02-09 18:00:00,0.0
2022-02-09 19:00:00,0.0
2022-02-09 20:00:00,0.0
2022-02-09 21:00:00,2.314814832061529e-05
2022-02-09 22:00:00,0.0
2022-02-09 23:00:00,0.0
2022-02-10 00:00:00,0.0
2022-02-10 01:00:00,0.0
2022-02-10 02:00:00,0.0
2022-02-10 03:00:00,0.0
2022-02-10 04:00:00,0.0
2022-02-10 05:00:00,0.0
2022-02-10 06:00:00,0.0
2022-02-10 07:00:00,11.685
2022-02-10 08:00:00,46.51296296296296
2022-02-10 09:00:00,72.43541666666667
2022-02-10 10:00:00,64.16886574074074
2022-02-10 11:00:00,55.63166666666667
2022-02-10 12:00:00,49.462199074074064
2022-02-10 13:00:00,39.745555555555555
2022-02-10 14:00:00,27.938171296296318
2022-02-10 15:00:00,22.764884259259237
2022-02-10 16:00:00,3.443888888888889
2022-02-10 17:00:00,0.0
2022-02-10 18:00:00,0.0
2022-02-10 19:00:00,0.0
2022-02-10 20:00:00,0.0
2022-02-10 21:00:00,0.0001851851852067436
2022-02-10 22:00:00,0.0
2022-02-10 23:00:00,0.0
2022-02-11 00:00:00,0.0
2022-02-11 01:00:00,0.0
2022-02-11 02:00:00,0.0
2022-02-11 03:00:00,0.0
2022-02-11 04:00:00,0.0
2022-02-11 05:00:00,0.0
2022-02-11 06:00:00,0.008611111111111111
2022-02-11 07:00:00,38.12784722222222
2022-02-11 08:00:00,103.76819444444445
2022-02-11 09:00:00,187.44275462962966
2022-02-11 10:00:00,257.6333564814815
2022-02-11 11:00:00,350.4581481481482
2022-02-11 12:00:00,347.30400462962956
2022-02-11 13:00:00,315.1375925925925
2022-02-11 14:00:00,203.21060185185195
2022-02-11 15:00:00,100.04777777777778
2022-02-11 16:00:00,15.44467592592584
2022-02-11 17:00:00,0.0
2022-02-11 18:00:00,0.0
2022-02-11 19:00:00,0.0
2022-02-11 20:00:00,0.0
2022-02-11 21:00:00,0.0
2022-02-11 22:00:00,0.0
2022-02-11 23:00:00,0.0
2022-02-12 00:00:00,0.0
2022-02-12 01:00:00,0.0
2022-02-12 02:00:00,0.0
2022-02-12 03:00:00,0.0
2022-02-12 04:00:00,0.0
2022-02-12 05:00:00,0.0
2022-02-12 06:00:00,0.05002314814814815
2022-02-12 07:00:00,46.22421296296296
2022-02-12 08:00:00,143.18034722222222
2022-02-12 09:00:00,228.07759259259257
2022-02-12 10:00:00,356.0523842592592
2022-02-12 11:00:00,413.67351851851845
2022-02-12 12:00:00,395.3303935185186
2022-02-12 13:00:00,337.2966898148147
2022-02-12 14:00:00,250.07791666666665
2022-02-12 15:00:00,127.40210648148165
2022-02-12 16:00:00,18.70206018518501
2022-02-12 17:00:00,0.0
2022-02-12 18:00:00,0.0
2022-02-12 19:00:00,0.0
2022-02-12 20:00:00,0.0
2022-02-12 21:00:00,0.00011574074082697431
2022-02-12 22:00:00,0.0
2022-02-12 23:00:00,0.0
2022-02-13 00:00:00,0.0
2022-02-13 01:00:00,0.0
2022-02-13 02:00:00,0.0
2022-02-13 03:00:00,0.0
2022-02-13 04:00:00,0.0
2022-02-13 05:00:00,0.0
2022-02-13 06:00:00,0.13613425925925926
2022-02-13 07:00:00,53.736412037037034
2022-02-13 08:00:00,171.07377314814815
2022-02-13 09:00:00,280.48300925925923
2022-02-13 10:00:00,341.1054166666667
2022-02-13 11:00:00,373.38349537037044
2022-02-13 12:00:00,357.55854166666666
2022-02-13 13:00:00,292.9856481481481
2022-02-13 14:00:00,190.4019675925925
2022-02-13 15:00:00,90.76736111111111
2022-02-13 16:00:00,13.59844907407416
2022-02-13 17:00:00,0.0
2022-02-13 18:00:00,0.0
2022-02-13 19:00:00,0.0
2022-02-13 20:00:00,0.0
2022-02-13 21:00:00,0.0
2022-02-13 22:00:00,0.0
2022-02-13 23:00:00,0.0
2022-02-14 00:00:00,0.0
2022-02-14 01:00:00,0.0
2022-02-14 02:00:00,0.0
2022-02-14 03:00:00,0.0
2022-02-14 04:00:00,0.0
2022-02-14 05:00:00,0.0
2022-02-14 06:00:00,0.2462037037037037
2022-02-14 07:00:00,19.609606481481485
2022-02-14 08:00:00,40.996620370370366
2022-02-14 09:00:00,62.65990740740741
2022-02-14 10:00:00,109.23233796296297
2022-02-14 11:00:00,296.33803240740735
2022-02-14 12:00:00,342.39891203703706
2022-02-14 13:00:00,314.0503935185185
2022-02-14 14:00:00,205.6375462962964
2022-02-14 15:00:00,108.53050925925918
2022-02-14 16:00:00,16.79143518518527
2022-02-14 17:00:00,0.0
2022-02-14 18:00:00,0.0
2022-02-14 19:00:00,0.0
2022-02-14 20:00:00,0.0
2022-02-14 21:00:00,0.0
2022-02-14 22:00:00,0.0
2022-02-14 23:00:00,0.0
2022-02-15 00:00:00,0.0
2022-02-15 01:00:00,0.0
2022-02-15 02:00:00,0.0
2022-02-15 03:00:00,0.0
2022-02-15 04:00:00,0.0
2022-02-15 05:00:00,0.0
2022-02-15 06:00:00,0.36162037037037037
2022-02-15 07:00:00,33.34446759259259
2022-02-15 08:00:00,98.59030092592592
2022-02-15 09:00:00,148.4530787037037
2022-02-15 10:00:00,207.44388888888886
2022-02-15 11:00:00,265.4078472222223
2022-02-15 12:00:00,295.1361111111111
2022-02-15 13:00:00,344.3471296296296
2022-02-15 14:00:00,228.88583333333332
2022-02-15 15:00:00,92.6272685185186
2022-02-15 16:00:00,10.103194444444444
2022-02-15 17:00:00,0.0
2022-02-15 18:00:00,0.0
2022-02-15 19:00:00,0.0
2022-02-15 20:00:00,0.0
2022-02-15 21:00:00,0.0
2022-02-15 22:00:00,0.0
2022-02-15 23:00:00,0.0
2022-02-16 00:00:00,0.0
2022-02-16 01:00:00,0.0
2022-02-16 02:00:00,0.0
2022-02-16 03:00:00,0.0
2022-02-16 04:00:00,0.0
2022-02-16 05:00:00,0.0
2022-02-16 06:00:00,0.07594907407407409
2022-02-16 07:00:00,4.283726851851852
2022-02-16 08:00:00,13.7825
2022-02-16 09:00:00,41.40020833333333
2022-02-16 10:00:00,56.72900462962963
2022-02-16 11:00:00,81.66041666666666
2022-02-16 12:00:00,93.94800925925924
2022-02-16 13:00:00,64.63143518518521
2022-02-16 14:00:00,45.24226851851854
2022-02-16 15:00:00,73.71097222222222
2022-02-16 16:00:00,7.645717592592571
2022-02-16 17:00:00,0.0
2022-02-16 18:00:00,0.0
2022-02-16 19:00:00,0.0
2022-02-16 20:00:00,0.0
2022-02-16 21:00:00,0.0
2022-02-16 22:00:00,0.0
2022-02-16 23:00:00,0.0
2022-02-17 00:00:00,0.0
2022-02-17 01:00:00,0.0
2022-02-17 02:00:00,0.0
2022-02-17 03:00:00,0.0
2022-02-17 04:00:00,0.0
2022-02-17 05:00:00,0.0
2022-02-17 06:00:00,0.8170833333333334
2022-02-17 07:00:00,45.829166666666666
2022-02-17 08:00:00,141.21516203703706
2022-02-17 09:00:00,237.02261574074072
2022-02-17 10:00:00,321.77625
2022-02-17 11:00:00,370.40143518518516
2022-02-17 12:00:00,372.8662268518518
2022-02-17 13:00:00,291.8778472222222
2022-02-17 14:00:00,245.6798611111111
2022-02-17 15:00:00,126.61178240740749
2022-02-17 16:00:00,25.72138888888889
2022-02-17 17:00:00,0.0
2022-02-17 18:00:00,0.0
2022-02-17 19:00:00,0.0
2022-02-17 20:00:00,0.0
2022-02-17 21:00:00,0.0
2022-02-17 22:00:00,6.944444444444444e-05
2022-02-17 23:00:00,0.0
2022-02-18 00:00:00,0.0
2022-02-18 01:00:00,0.0
2022-02-18 02:00:00,0.0
2022-02-18 03:00:00,0.0
2022-02-18 04:00:00,0.0
2022-02-18 05:00:00,0.0
2022-02-18 06:00:00,0.3602546296296297
2022-02-18 07:00:00,9.99601851851852
2022-02-18 08:00:00,27.522222222222222
2022-02-18 09:00:00,42.41453703703704
2022-02-18 10:00:00,57.248773148148146
2022-02-18 11:00:00,114.54182870370371
2022-02-18 12:00:00,106.77155092592594
2022-02-18 13:00:00,44.70608796296292
2022-02-18 14:00:00,34.197592592592635
2022-02-18 15:00:00,36.8225
2022-02-18 16:00:00,21.988865740740696
2022-02-18 17:00:00,0.0
2022-02-18 18:00:00,0.0
2022-02-18 19:00:00,0.0
2022-02-18 20:00:00,0.0
2022-02-18 21:00:00,0.0
2022-02-18 22:00:00,4.629629631785469e-05
2022-02-18 23:00:00,0.0
2022-02-19 00:00:00,0.0
2022-02-19 01:00:00,0.0
2022-02-19 02:00:00,0.0
2022-02-19 03:00:00,0.0
2022-02-19 04:00:00,0.0
2022-02-19 05:00:00,0.0
2022-02-19 06:00:00,1.8935416666666667
2022-02-19 07:00:00,65.49972222222222
2022-02-19 08:00:00,186.47805555555556
2022-02-19 09:00:00,301.0159027777778
2022-02-19 10:00:00,326.1119444444444
2022-02-19 11:00:00,411.6199074074075
2022-02-19 12:00:00,388.33217592592587
2022-02-19 13:00:00,294.93666666666667
2022-02-19 14:00:00,220.3116203703703
2022-02-19 15:00:00,92.22692129629638
2022-02-19 16:00:00,16.85655092592584
2022-02-19 17:00:00,0.0
2022-02-19 18:00:00,0.0
2022-02-19 19:00:00,0.0
2022-02-19 20:00:00,0.0
2022-02-19 21:00:00,0.0
2022-02-19 22:00:00,0.0
2022-02-19 23:00:00,0.0
2022-02-20 00:00:00,0.0
2022-02-20 01:00:00,0.0
2022-02-20 02:00:00,0.0
2022-02-20 03:00:00,0.0
2022-02-20 04:00:00,0.0
2022-02-20 05:00:00,0.0
2022-02-20 06:00:00,0.4847916666666667
2022-02-20 07:00:00,7.776550925925926
2022-02-20 08:00:00,16.75189814814815
2022-02-20 09:00:00,49.45854166666667
2022-02-20 10:00:00,53.890648148148145
2022-02-20 11:00:00,61.95731481481482
2022-02-20 12:00:00,60.39879629629628
2022-02-20 13:00:00,47.17881944444444
2022-02-20 14:00:00,27.84928240740743
2022-02-20 15:00:00,17.61719907407403
2022-02-20 16:00:00,4.807754629629652
2022-02-20 17:00:00,0.0
2022-02-20 18:00:00,0.0
2022-02-20 19:00:00,0.0
2022-02-20 20:00:00,0.0
2022-02-20 21:00:00,2.3148148126589756e-05
2022-02-20 22:00:00,0.0
2022-02-20 23:00:00,0.0
2022-02-21 00:00:00,0.0
2022-02-21 01:00:00,0.0
2022-02-21 02:00:00,0.0
2022-02-21 03:00:00,0.0
2022-02-21 04:00:00,0.0
2022-02-21 05:00:00,0.0
2022-02-21 06:00:00,3.107083333333333
2022-02-21 07:00:00,74.73118055555555
2022-02-21 08:00:00,203.52479166666666
2022-02-21 09:00:00,300.50837962962964
2022-02-21 10:00:00,276.5458101851852
2022-02-21 11:00:00,109.39039351851848
2022-02-21 12:00:00,120.70824074074069
2022-02-21 13:00:00,115.70027777777791
2022-02-21 14:00:00,88.01372685185169
2022-02-21 15:00:00,88.26942129629639
2022-02-21 16:00:00,24.74277777777778
2022-02-21 17:00:00,0.0
2022-02-21 18:00:00,0.0
2022-02-21 19:00:00,0.0
2022-02-21 20:00:00,0.0
2022-02-21 21:00:00,0.0
2022-02-21 22:00:00,0.0
2022-02-21 23:00:00,0.0
2022-02-22 00:00:00,0.0
2022-02-22 01:00:00,0.0
2022-02-22 02:00:00,0.0
2022-02-22 03:00:00,0.0
2022-02-22 04:00:00,0.0
2022-02-22 05:00:00,0.0
2022-02-22 06:00:00,4.493310185185185
2022-02-22 07:00:00,82.5679398148148
2022-02-22 08:00:00,164.02428240740738
2022-02-22 09:00:00,176.65844907407407
2022-02-22 10:00:00,177.06685185185188
2022-02-22 11:00:00,119.58634259259263
2022-02-22 12:00:00,29.500949074074033
2022-02-22 13:00:00,62.460625
2022-02-22 14:00:00,109.44819444444444
2022-02-22 15:00:00,91.41604166666667
2022-02-22 16:00:00,14.320115740740698
2022-02-22 17:00:00,0.0
2022-02-22 18:00:00,0.0
2022-02-22 19:00:00,0.0
2022-02-22 20:00:00,0.0
2022-02-22 21:00:00,0.00018518518527141877
2022-02-22 22:00:00,0.0
2022-02-22 23:00:00,0.0
2022-02-23 00:00:00,0.0
2022-02-23 01:00:00,0.0
2022-02-23 02:00:00,0.0
2022-02-23 03:00:00,0.0
2022-02-23 04:00:00,0.0
2022-02-23 05:00:00,0.0
2022-02-23 06:00:00,5.576689814814815
2022-02-23 07:00:00,95.72094907407408
2022-02-23 08:00:00,235.06493055555555
2022-02-23 09:00:00,360.59277777777777
2022-02-23 10:00:00,444.9802546296296
2022-02-23 11:00:00,480.12143518518513
2022-02-23 12:00:00,465.6454166666667
2022-02-23 13:00:00,405.6077314814814
2022-02-23 14:00:00,309.7390277777778
2022-02-23 15:00:00,174.92199074074108
2022-02-23 16:00:00,45.719907407407234
2022-02-23 17:00:00,0.0
2022-02-23 18:00:00,0.0
2022-02-23 19:00:00,0.0
2022-02-23 20:00:00,0.0
2022-02-23 21:00:00,0.0
2022-02-23 22:00:00,0.0
2022-02-23 23:00:00,0.0
2022-02-24 00:00:00,0.0
2022-02-24 01:00:00,0.0
2022-02-24 02:00:00,0.0
2022-02-24 03:00:00,0.0
2022-02-24 04:00:00,0.0
2022-02-24 05:00:00,0.0
2022-02-24 06:00:00,4.113564814814815
2022-02-24 07:00:00,28.034930555555555
2022-02-24 08:00:00,45.337453703703716
2022-02-24 09:00:00,78.44259259259259
2022-02-24 10:00:00,134.73550925925926
2022-02-24 11:00:00,327.3683564814814
2022-02-24 12:00:00,336.836875
2022-02-24 13:00:00,285.75678240740734
2022-02-24 14:00:00,160.19481481481498
2022-02-24 15:00:00,40.6265740740739
2022-02-24 16:00:00,5.687430555555555
2022-02-24 17:00:00,0.0
2022-02-24 18:00:00,0.0
2022-02-24 19:00:00,0.0
2022-02-24 20:00:00,0.0
2022-02-24 21:00:00,0.0
2022-02-24 22:00:00,0.00011574074082697431
2022-02-24 23:00:00,0.0
2022-02-25 00:00:00,0.0
2022-02-25 01:00:00,0.0
2022-02-25 02:00:00,0.0
2022-02-25 03:00:00,0.0
2022-02-25 04:00:00,0.0
2022-02-25 05:00:00,0.0
2022-02-25 06:00:00,7.505300925925925
2022-02-25 07:00:00,85.75944444444444
2022-02-25 08:00:00,150.0723148148148
2022-02-25 09:00:00,234.76532407407407
2022-02-25 10:00:00,253.44648148148147
2022-02-25 11:00:00,331.45071759259264
2022-02-25 12:00:00,320.0886111111111
2022-02-25 13:00:00,205.50618055555555
2022-02-25 14:00:00,225.43805555555556
2022-02-25 15:00:00,133.57247685185195
2022-02-25 16:00:00,40.35069444444444
2022-02-25 17:00:00,0.05893518518501272
2022-02-25 18:00:00,0.0
2022-02-25 19:00:00,0.0
2022-02-25 20:00:00,0.0
2022-02-25 21:00:00,0.0
2022-02-25 22:00:00,0.0
2022-02-25 23:00:00,0.0
2022-02-26 00:00:00,0.0
2022-02-26 01:00:00,0.0
2022-02-26 02:00:00,0.0
2022-02-26 03:00:00,0.0
2022-02-26 04:00:00,0.0
2022-02-26 05:00:00,0.0
2022-02-26 06:00:00,8.691180555555556
2022-02-26 07:00:00,88.70604166666666
2022-02-26 08:00:00,205.730787037037
2022-02-26 09:00:00,268.4273842592593
2022-02-26 10:00:00,302.8503240740741
2022-02-26 11:00:00,285.29284722222224
2022-02-26 12:00:00,376.11780092592596
2022-02-26 13:00:00,362.12789351851836
2022-02-26 14:00:00,319.68333333333334
2022-02-26 15:00:00,191.94418981481473
2022-02-26 16:00:00,57.779282407407756
2022-02-26 17:00:00,0.1982870370366921
2022-02-26 18:00:00,0.0
2022-02-26 19:00:00,0.0
2022-02-26 20:00:00,0.0
2022-02-26 21:00:00,0.0
2022-02-26 22:00:00,0.0
2022-02-26 23:00:00,0.0
2022-02-27 00:00:00,0.0
2022-02-27 01:00:00,0.0
2022-02-27 02:00:00,0.0
2022-02-27 03:00:00,0.0
2022-02-27 04:00:00,0.0
2022-02-27 05:00:00,0.0
2022-02-27 06:00:00,11.688796296296296
2022-02-27 07:00:00,118.06268518518517
2022-02-27 08:00:00,261.7754861111111
2022-02-27 09:00:00,388.45798611111115
2022-02-27 10:00:00,477.4864120370371
2022-02-27 11:00:00,518.0139814814814
2022-02-27 12:00:00,506.93231481481473
2022-02-27 13:00:00,444.5130324074075
2022-02-27 14:00:00,338.6378472222222
2022-02-27 15:00:00,201.98555555555555
2022-02-27 16:00:00,62.982083333333335
2022-02-27 17:00:00,0.37724537037054284
2022-02-27 18:00:00,0.0
2022-02-27 19:00:00,0.0
2022-02-27 20:00:00,0.0
2022-02-27 21:00:00,0.0
2022-02-27 22:00:00,0.0
2022-02-27 23:00:00,0.0
2022-02-28 00:00:00,0.0
2022-02-28 01:00:00,0.0
2022-02-28 02:00:00,0.0
2022-02-28 03:00:00,0.0
2022-02-28 04:00:00,0.0
2022-02-28 05:00:00,0.0
2022-02-28 06:00:00,13.657453703703704
2022-02-28 07:00:00,124.79282407407408
2022-02-28 08:00:00,270.39421296296297
2022-02-28 09:00:00,397.26333333333326
2022-02-28 10:00:00,485.26881944444455
2022-02-28 11:00:00,524.4510185185184
2022-02-28 12:00:00,511.5540972222222
2022-02-28 13:00:00,448.01219907407415
2022-02-28 14:00:00,340.9830324074072
2022-02-28 15:00:00,204.02393518518554
2022-02-28 16:00:00,65.28791666666666
2022-02-28 17:00:00,0.6034490740739016
2022-02-28 18:00:00,0.0
2022-02-28 19:00:00,0.0
2022-02-28 20:00:00,0.0
2022-02-28 21:00:00,0.0
2022-02-28 22:00:00,0.0
2022-02-28 23:00:00,0.0
2022-03-01 00:00:00,0.0
2022-03-01 01:00:00,0.0
2022-03-01 02:00:00,0.0
2022-03-01 03:00:00,0.0
2022-03-01 04:00:00,0.0
2022-03-01 05:00:00,0.0
2022-03-01 06:00:00,10.39451388888889
2022-03-01 07:00:00,89.25159722222222
2022-03-01 08:00:00,218.0363888888889
2022-03-01 09:00:00,352.396574074074
2022-03-01 10:00:00,423.7227546296297
2022-03-01 11:00:00,388.67196759259264
2022-03-01 12:00:00,374.14226851851834
2022-03-01 13:00:00,337.54831018518524
2022-03-01 14:00:00,244.02729166666666
2022-03-01 15:00:00,103.84722222222223
2022-03-01 16:00:00,30.96263888888889
2022-03-01 17:00:00,0.7328009259260984
2022-03-01 18:00:00,0.0
2022-03-01 19:00:00,0.0
2022-03-01 20:00:00,0.0
2022-03-01 21:00:00,0.0
2022-03-01 22:00:00,0.0
2022-03-01 23:00:00,0.0
2022-03-02 00:00:00,0.0
2022-03-02 01:00:00,0.0
2022-03-02 02:00:00,0.0
2022-03-02 03:00:00,0.0
2022-03-02 04:00:00,0.0
2022-03-02 05:00:00,0.0
2022-03-02 06:00:00,7.9343055555555555
2022-03-02 07:00:00,90.10155092592592
2022-03-02 08:00:00,248.84453703703707
2022-03-02 09:00:00,368.77962962962965
2022-03-02 10:00:00,440.9833796296296
2022-03-02 11:00:00,419.8171064814814
2022-03-02 12:00:00,427.80821759259277
2022-03-02 13:00:00,390.3764814814814
2022-03-02 14:00:00,322.1495370370372
2022-03-02 15:00:00,205.80793981481446
2022-03-02 16:00:00,69.28233796296331
2022-03-02 17:00:00,1.2369212962961238
2022-03-02 18:00:00,0.0
2022-03-02 19:00:00,0.0
2022-03-02 20:00:00,0.0
2022-03-02 21:00:00,0.0
2022-03-02 22:00:00,0.0
2022-03-02 23:00:00,0.0
2022-03-03 00:00:00,0.0
2022-03-03 01:00:00,0.0
2022-03-03 02:00:00,0.0
2022-03-03 03:00:00,0.0
2022-03-03 04:00:00,0.0
2022-03-03 05:00:00,0.0
2022-03-03 06:00:00,19.949583333333333
2022-03-03 07:00:00,139.22226851851852
2022-03-03 08:00:00,285.55888888888893
2022-03-03 09:00:00,412.18113425925924
2022-03-03 10:00:00,499.8612731481481
2022-03-03 11:00:00,539.8631944444444
2022-03-03 12:00:00,527.7458796296297
2022-03-03 13:00:00,464.5008796296295
2022-03-03 14:00:00,357.36365740740774
2022-03-03 15:00:00,219.58958333333334
2022-03-03 16:00:00,77.09162037037002
2022-03-03 17:00:00,1.7278009259260985
2022-03-03 18:00:00,0.0
2022-03-03 19:00:00,0.0
2022-03-03 20:00:00,0.0
2022-03-03 21:00:00,0.0
2022-03-03 22:00:00,0.0
2022-03-03 23:00:00,0.0
2022-03-04 00:00:00,0.0
2022-03-04 01:00:00,0.0
2022-03-04 02:00:00,0.0
2022-03-04 03:00:00,0.0
2022-03-04 04:00:00,0.0
2022-03-04 05:00:00,0.0
2022-03-04 06:00:00,22.746296296296297
2022-03-04 07:00:00,145.62416666666664
2022-03-04 08:00:00,292.8989583333333
2022-03-04 09:00:00,419.74210648148147
2022-03-04 10:00:00,507.69293981481474
2022-03-04 11:00:00,547.2181712962964
2022-03-04 12:00:00,534.7228472222222
2022-03-04 13:00:00,471.2669212962961
2022-03-04 14:00:00,363.39349537037054
2022-03-04 15:00:00,224.41171296296278
2022-03-04 16:00:00,80.4720081018522
2022-03-04 17:00:00,2.225879629629457
2022-03-04 18:00:00,0.0
2022-03-04 19:00:00,0.0
2022-03-04 20:00:00,0.0
2022-03-04 21:00:00,0.0
2022-03-04 22:00:00,0.0
2022-03-04 23:00:00,0.0
2022-03-05 00:00:00,0.0
2022-03-05 01:00:00,0.0
2022-03-05 02:00:00,0.0
2022-03-05 03:00:00,0.0
2022-03-05 04:00:00,0.0
2022-03-05 05:00:00,0.0
2022-03-05 06:00:00,25.08761574074074
2022-03-05 07:00:00,149.3019212962963
2022-03-05 08:00:00,296.4115277777778
2022-03-05 09:00:00,423.2453240740741
2022-03-05 10:00:00,511.07863425925916
2022-03-05 11:00:00,550.4693981481483
2022-03-05 12:00:00,538.9004166666664
2022-03-05 13:00:00,479.19923611111113
2022-03-05 14:00:00,368.96666666666664
2022-03-05 15:00:00,225.26516203703721
2022-03-05 16:00:00,82.50298611111111
2022-03-05 17:00:00,2.760625
2022-03-05 18:00:00,0.0
2022-03-05 19:00:00,0.0
2022-03-05 20:00:00,0.0
2022-03-05 21:00:00,0.0
2022-03-05 22:00:00,0.0
2022-03-05 23:00:00,0.0
2022-03-06 00:00:00,0.0
2022-03-06 01:00:00,0.0
2022-03-06 02:00:00,0.0
2022-03-06 03:00:00,0.0
2022-03-06 04:00:00,0.0
2022-03-06 05:00:00,0.0
2022-03-06 06:00:00,23.274097222222224
2022-03-06 07:00:00,122.58261574074074
2022-03-06 08:00:00,242.1222685185185
2022-03-06 09:00:00,361.5865509259259
2022-03-06 10:00:00,469.338263888889
2022-03-06 11:00:00,459.7573611111111
2022-03-06 12:00:00,439.2462037037036
2022-03-06 13:00:00,334.57416666666666
2022-03-06 14:00:00,229.27900462962947
2022-03-06 15:00:00,126.11583333333333
2022-03-06 16:00:00,57.950069444444445
2022-03-06 17:00:00,2.7853009259260983
2022-03-06 18:00:00,0.0
2022-03-06 19:00:00,0.0
2022-03-06 20:00:00,0.0
2022-03-06 21:00:00,0.0
2022-03-06 22:00:00,0.0
2022-03-06 23:00:00,0.0
2022-03-07 00:00:00,0.0
2022-03-07 01:00:00,0.0
2022-03-07 02:00:00,0.0
2022-03-07 03:00:00,0.0
2022-03-07 04:00:00,0.0
2022-03-07 05:00:00,0.0
2022-03-07 06:00:00,31.724444444444444
2022-03-07 07:00:00,162.9907638888889
2022-03-07 08:00:00,309.3288888888889
2022-03-07 09:00:00,439.3910185185185
2022-03-07 10:00:00,522.0170833333335
2022-03-07 11:00:00,565.7237731481481
2022-03-07 12:00:00,544.2285416666666
2022-03-07 13:00:00,484.10699074074057
2022-03-07 14:00:00,374.8695833333333
2022-03-07 15:00:00,236.2803009259261
2022-03-07 16:00:00,91.2703125
2022-03-07 17:00:00,4.171672453703876
2022-03-07 18:00:00,0.0
2022-03-07 19:00:00,0.0
2022-03-07 20:00:00,0.0
2022-03-07 21:00:00,0.0
2022-03-07 22:00:00,0.0
2022-03-07 23:00:00,0.0
2022-03-08 00:00:00,0.0
2022-03-08 01:00:00,0.0
2022-03-08 02:00:00,0.0
2022-03-08 03:00:00,0.0
2022-03-08 04:00:00,0.0
2022-03-08 05:00:00,0.0
2022-03-08 06:00:00,34.30141203703704
2022-03-08 07:00:00,166.49314814814812
2022-03-08 08:00:00,315.00828703703706
2022-03-08 09:00:00,441.7828703703704
2022-03-08 10:00:00,529.4215277777777
2022-03-08 11:00:00,568.6209490740741
2022-03-08 12:00:00,555.4222453703705
2022-03-08 13:00:00,491.8417129629628
2022-03-08 14:00:00,384.12543981481497
2022-03-08 15:00:00,244.11333333333334
2022-03-08 16:00:00,96.09479166666667
2022-03-08 17:00:00,5.037662037036692
2022-03-08 18:00:00,0.0001388888888888889
2022-03-08 19:00:00,0.0
2022-03-08 20:00:00,0.0
2022-03-08 21:00:00,0.0
2022-03-08 22:00:00,0.0
2022-03-08 23:00:00,0.0
2022-03-09 00:00:00,0.0
2022-03-09 01:00:00,0.0
2022-03-09 02:00:00,0.0
2022-03-09 03:00:00,0.0
2022-03-09 04:00:00,0.0
2022-03-09 05:00:00,0.0
2022-03-09 06:00:00,38.744236111111114
2022-03-09 07:00:00,175.91143518518518
2022-03-09 08:00:00,327.21006944444446
2022-03-09 09:00:00,455.4391666666666
2022-03-09 10:00:00,543.512638888889
2022-03-09 11:00:00,581.8756018518517
2022-03-09 12:00:00,567.1210879629631
2022-03-09 13:00:00,500.80604166666666
2022-03-09 14:00:00,390.4643518518517
2022-03-09 15:00:00,248.62875
2022-03-09 16:00:00,99.65826388888888
2022-03-09 17:00:00,5.928940972222223
2022-03-09 18:00:00,6.944444444444444e-05
2022-03-09 19:00:00,0.0
2022-03-09 20:00:00,0.0
2022-03-09 21:00:00,0.0
2022-03-09 22:00:00,0.0
2022-03-09 23:00:00,0.0
2022-03-10 00:00:00,0.0
2022-03-10 01:00:00,0.0
2022-03-10 02:00:00,0.0
2022-03-10 03:00:00,0.0
2022-03-10 04:00:00,0.0
2022-03-10 05:00:00,0.0
2022-03-10 06:00:00,41.84745370370371
2022-03-10 07:00:00,179.30979166666665
2022-03-10 08:00:00,329.59365740740736
2022-03-10 09:00:00,456.90717592592597
2022-03-10 10:00:00,544.4275925925926
2022-03-10 11:00:00,582.4411805555555
2022-03-10 12:00:00,567.7948842592592
2022-03-10 13:00:00,502.86231481481497
2022-03-10 14:00:00,393.3889120370367
2022-03-10 15:00:00,252.7281018518522
2022-03-10 16:00:00,103.66900462962946
2022-03-10 17:00:00,6.954224537037209
2022-03-10 18:00:00,0.00010416666666666667
2022-03-10 19:00:00,0.0
2022-03-10 20:00:00,0.0
2022-03-10 21:00:00,0.0
2022-03-10 22:00:00,0.0
2022-03-10 23:00:00,0.0
2022-03-11 00:00:00,0.0
2022-03-11 01:00:00,0.0
2022-03-11 02:00:00,0.0
2022-03-11 03:00:00,0.0
2022-03-11 04:00:00,0.0
2022-03-11 05:00:00,0.0
2022-03-11 06:00:00,44.80273148148149
2022-03-11 07:00:00,181.74534722222222
2022-03-11 08:00:00,330.85263888888886
2022-03-11 09:00:00,456.6384722222223
2022-03-11 10:00:00,541.4851388888887
2022-03-11 11:00:00,576.6926620370372
2022-03-11 12:00:00,560.9206712962964
2022-03-11 13:00:00,493.80456018518504
2022-03-11 14:00:00,383.22787037037057
2022-03-11 15:00:00,248.65870370370337
2022-03-11 16:00:00,102.46273148148165
2022-03-11 17:00:00,7.2959317129627905
2022-03-11 18:00:00,0.0
2022-03-11 19:00:00,0.0
2022-03-11 20:00:00,0.0
2022-03-11 21:00:00,0.0
2022-03-11 22:00:00,0.0
2022-03-11 23:00:00,0.0
2022-03-12 00:00:00,0.0
2022-03-12 01:00:00,0.0
2022-03-12 02:00:00,0.0
2022-03-12 03:00:00,0.0
2022-03-12 04:00:00,0.0
2022-03-12 05:00:00,0.0
2022-03-12 06:00:00,34.97962962962963
2022-03-12 07:00:00,156.3126388888889
2022-03-12 08:00:00,275.7540277777778
2022-03-12 09:00:00,381.8631944444444
2022-03-12 10:00:00,462.74157407407404
2022-03-12 11:00:00,434.88328703703723
2022-03-12 12:00:00,396.2392361111111
2022-03-12 13:00:00,288.1676157407408
2022-03-12 14:00:00,170.82085648148114
2022-03-12 15:00:00,130.2793518518522
2022-03-12 16:00:00,68.29043981481448
2022-03-12 17:00:00,6.691458333333333
2022-03-12 18:00:00,6.944444444444444e-05
2022-03-12 19:00:00,0.0
2022-03-12 20:00:00,0.0
2022-03-12 21:00:00,0.0
2022-03-12 22:00:00,0.0
2022-03-12 23:00:00,0.0
2022-03-13 00:00:00,0.0
2022-03-13 01:00:00,0.0
2022-03-13 02:00:00,0.0
2022-03-13 03:00:00,0.0
2022-03-13 04:00:00,0.0
2022-03-13 05:00:00,0.015069444444444444
2022-03-13 06:00:00,28.33946759259259
2022-03-13 07:00:00,170.57759259259257
2022-03-13 08:00:00,300.6778703703704
2022-03-13 09:00:00,387.5042592592593
2022-03-13 10:00:00,466.08817129629625
2022-03-13 11:00:00,570.5795833333333
2022-03-13 12:00:00,533.2806712962961
2022-03-13 13:00:00,413.09668981481497
2022-03-13 14:00:00,285.25638888888886
2022-03-13 15:00:00,183.31803240740723
2022-03-13 16:00:00,75.05141203703721
2022-03-13 17:00:00,6.5315972222222225
2022-03-13 18:00:00,0.0
2022-03-13 19:00:00,0.00016203703669210275
2022-03-13 20:00:00,0.0
2022-03-13 21:00:00,0.0
2022-03-13 22:00:00,0.0
2022-03-13 23:00:00,0.0
2022-03-14 00:00:00,0.0
2022-03-14 01:00:00,0.0
2022-03-14 02:00:00,0.0
2022-03-14 03:00:00,0.0
2022-03-14 04:00:00,0.0
2022-03-14 05:00:00,0.03993055555555555
2022-03-14 06:00:00,24.42178240740741
2022-03-14 07:00:00,71.80111111111111
2022-03-14 08:00:00,102.48157407407408
2022-03-14 09:00:00,131.46439814814815
2022-03-14 10:00:00,307.28016203703703
2022-03-14 11:00:00,287.8419212962963
2022-03-14 12:00:00,256.3628935185185
2022-03-14 13:00:00,307.90447337962974
2022-03-14 14:00:00,326.42580439814805
2022-03-14 15:00:00,199.330625
2022-03-14 16:00:00,105.37269097222222
2022-03-14 17:00:00,9.7779571759261
2022-03-14 18:00:00,4.629629612382915e-05
2022-03-14 19:00:00,0.0
2022-03-14 20:00:00,0.0
2022-03-14 21:00:00,0.0
2022-03-14 22:00:00,0.0
2022-03-14 23:00:00,0.0
2022-03-15 00:00:00,0.0
2022-03-15 01:00:00,0.0
2022-03-15 02:00:00,0.0
2022-03-15 03:00:00,0.0
2022-03-15 04:00:00,0.0
2022-03-15 05:00:00,0.18611111111111112
2022-03-15 06:00:00,24.931087962962966
2022-03-15 07:00:00,78.4087037037037
2022-03-15 08:00:00,141.40673611111112
2022-03-15 09:00:00,166.02534722222222
2022-03-15 10:00:00,189.8665046296296
2022-03-15 11:00:00,200.92145833333333
2022-03-15 12:00:00,189.7883796296297
2022-03-15 13:00:00,191.63105902777764
2022-03-15 14:00:00,118.68820023148166
2022-03-15 15:00:00,89.33569444444444
2022-03-15 16:00:00,62.23668981481473
2022-03-15 17:00:00,9.204583333333334
2022-03-15 18:00:00,9.259259250635902e-05
2022-03-15 19:00:00,0.0
2022-03-15 20:00:00,0.0
2022-03-15 21:00:00,0.0
2022-03-15 22:00:00,0.0
2022-03-15 23:00:00,0.0
2022-03-16 00:00:00,0.0
2022-03-16 01:00:00,0.0
2022-03-16 02:00:00,0.0
2022-03-16 03:00:00,0.0
2022-03-16 04:00:00,0.0
2022-03-16 05:00:00,0.5764583333333333
2022-03-16 06:00:00,38.421597222222225
2022-03-16 07:00:00,107.76055555555556
2022-03-16 08:00:00,208.88631944444444
2022-03-16 09:00:00,233.43840277777778
2022-03-16 10:00:00,321.79129629629625
2022-03-16 11:00:00,370.9864120370371
2022-03-16 12:00:00,519.615
2022-03-16 13:00:00,471.84375
2022-03-16 14:00:00,384.99085648148167
2022-03-16 15:00:00,257.50370370370337
2022-03-16 16:00:00,111.64456018518553
2022-03-16 17:00:00,13.07870370370336
2022-03-16 18:00:00,0.0001620370372095042
2022-03-16 19:00:00,2.314814832061529e-05
2022-03-16 20:00:00,0.0
2022-03-16 21:00:00,0.0
2022-03-16 22:00:00,0.0
2022-03-16 23:00:00,0.0
2022-03-17 00:00:00,0.0
2022-03-17 01:00:00,0.0
2022-03-17 02:00:00,0.0
2022-03-17 03:00:00,0.0
2022-03-17 04:00:00,0.0
2022-03-17 05:00:00,0.069375
2022-03-17 06:00:00,14.01013888888889
2022-03-17 07:00:00,40.697476851851846
2022-03-17 08:00:00,113.3848611111111
2022-03-17 09:00:00,244.55113425925927
2022-03-17 10:00:00,320.9819444444444
2022-03-17 11:00:00,308.57740740740735
2022-03-17 12:00:00,328.01856481481485
2022-03-17 13:00:00,358.2394849537036
2022-03-17 14:00:00,318.3046875
2022-03-17 15:00:00,239.28157407407417
2022-03-17 16:00:00,96.74381365740723
2022-03-17 17:00:00,15.560925925926098
2022-03-17 18:00:00,0.00023148148165394862
2022-03-17 19:00:00,0.0
2022-03-17 20:00:00,0.0
2022-03-17 21:00:00,0.0
2022-03-17 22:00:00,0.0
2022-03-17 23:00:00,0.0
2022-03-18 00:00:00,0.0
2022-03-18 01:00:00,0.0
2022-03-18 02:00:00,0.0
2022-03-18 03:00:00,0.0
2022-03-18 04:00:00,0.0
2022-03-18 05:00:00,1.6110185185185186
2022-03-18 06:00:00,77.33907407407406
2022-03-18 07:00:00,227.99023148148152
2022-03-18 08:00:00,381.90988425925923
2022-03-18 09:00:00,509.7721296296297
2022-03-18 10:00:00,596.0163425925925
2022-03-18 11:00:00,631.5645138888889
2022-03-18 12:00:00,614.098125
2022-03-18 13:00:00,546.252685185185
2022-03-18 14:00:00,435.78004629629663
2022-03-18 15:00:00,291.78412037037003
2022-03-18 16:00:00,136.38613425925942
2022-03-18 17:00:00,18.01983796296279
2022-03-18 18:00:00,0.0
2022-03-18 19:00:00,0.00018518518501271805
2022-03-18 20:00:00,0.0
2022-03-18 21:00:00,6.944444444444444e-05
2022-03-18 22:00:00,4.629629612382915e-05
2022-03-18 23:00:00,0.0
2022-03-19 00:00:00,0.0
2022-03-19 01:00:00,0.0
2022-03-19 02:00:00,0.0
2022-03-19 03:00:00,0.0
2022-03-19 04:00:00,0.0
2022-03-19 05:00:00,2.2372685185185186
2022-03-19 06:00:00,81.2525
2022-03-19 07:00:00,231.0703472222222
2022-03-19 08:00:00,381.9913657407408
2022-03-19 09:00:00,506.20451388888875
2022-03-19 10:00:00,592.6177314814817
2022-03-19 11:00:00,629.5445601851852
2022-03-19 12:00:00,612.8370196759256
2022-03-19 13:00:00,549.6555497685189
2022-03-19 14:00:00,441.3124594907406
2022-03-19 15:00:00,299.5183333333333
2022-03-19 16:00:00,137.07278356481498
2022-03-19 17:00:00,19.693217592592248
2022-03-19 18:00:00,0.0
2022-03-19 19:00:00,5.7870370542837516e-05
2022-03-19 20:00:00,0.0
2022-03-19 21:00:00,4.629629664123058e-05
2022-03-19 22:00:00,0.0
2022-03-19 23:00:00,6.365740723494026e-05
2022-03-20 00:00:00,0.0
2022-03-20 01:00:00,0.0
2022-03-20 02:00:00,0.0
2022-03-20 03:00:00,0.0
2022-03-20 04:00:00,0.0
2022-03-20 05:00:00,2.750208333333333
2022-03-20 06:00:00,60.25703703703704
2022-03-20 07:00:00,176.62284722222222
2022-03-20 08:00:00,286.1771064814815
2022-03-20 09:00:00,399.4363888888888
2022-03-20 10:00:00,474.59504629629623
2022-03-20 11:00:00,395.0177777777778
2022-03-20 12:00:00,221.5428125
2022-03-20 13:00:00,174.81429398148165
2022-03-20 14:00:00,218.80891203703695
2022-03-20 15:00:00,216.695185185185
2022-03-20 16:00:00,103.19462962962997
2022-03-20 17:00:00,16.35625
2022-03-20 18:00:00,0.0
2022-03-20 19:00:00,0.00018518518501271805
2022-03-20 20:00:00,4.629629612382915e-05
2022-03-20 21:00:00,0.0
2022-03-20 22:00:00,2.314814832061529e-05
2022-03-20 23:00:00,0.0
2022-03-21 00:00:00,0.0
2022-03-21 01:00:00,0.0
2022-03-21 02:00:00,0.0
2022-03-21 03:00:00,0.0
2022-03-21 04:00:00,0.0
2022-03-21 05:00:00,3.3546064814814818
2022-03-21 06:00:00,80.64988425925927
2022-03-21 07:00:00,230.08932870370367
2022-03-21 08:00:00,366.5535879629629
2022-03-21 09:00:00,504.5835185185185
2022-03-21 10:00:00,586.6895601851853
2022-03-21 11:00:00,621.080439814815
2022-03-21 12:00:00,594.8109259259256
2022-03-21 13:00:00,515.0840509259261
2022-03-21 14:00:00,415.97979166666664
2022-03-21 15:00:00,246.66817129629612
2022-03-21 16:00:00,131.51053240740777
2022-03-21 17:00:00,18.323518518518345
2022-03-21 18:00:00,0.0
2022-03-21 19:00:00,0.0
2022-03-21 20:00:00,0.0
2022-03-21 21:00:00,0.0
2022-03-21 22:00:00,0.0
2022-03-21 23:00:00,0.0
2022-03-22 00:00:00,0.0
2022-03-22 01:00:00,0.0
2022-03-22 02:00:00,0.0
2022-03-22 03:00:00,0.0
2022-03-22 04:00:00,0.0
2022-03-22 05:00:00,4.871203703703704
2022-03-22 06:00:00,93.64875
2022-03-22 07:00:00,242.4330092592593
2022-03-22 08:00:00,392.44060185185185
2022-03-22 09:00:00,522.5800462962962
2022-03-22 10:00:00,610.9942361111111
2022-03-22 11:00:00,649.2041666666667
2022-03-22 12:00:00,634.6700694444445
2022-03-22 13:00:00,568.4313425925927
2022-03-22 14:00:00,457.7594675925923
2022-03-22 15:00:00,312.8495601851855
2022-03-22 16:00:00,154.47648148148113
2022-03-22 17:00:00,26.073518518518345
2022-03-22 18:00:00,0.0
2022-03-22 19:00:00,0.0
2022-03-22 20:00:00,0.0
2022-03-22 21:00:00,0.0
2022-03-22 22:00:00,0.0
2022-03-22 23:00:00,0.0
2022-03-23 00:00:00,0.0
2022-03-23 01:00:00,0.0
2022-03-23 02:00:00,0.0
2022-03-23 03:00:00,0.0
2022-03-23 04:00:00,0.0
2022-03-23 05:00:00,6.217013888888889
2022-03-23 06:00:00,101.99034722222223
2022-03-23 07:00:00,257.51215277777777
2022-03-23 08:00:00,405.51335648148154
2022-03-23 09:00:00,536.5368055555555
2022-03-23 10:00:00,618.1708333333333
2022-03-23 11:00:00,652.823912037037
2022-03-23 12:00:00,635.9015046296299
2022-03-23 13:00:00,565.0411111111111
2022-03-23 14:00:00,455.9126157407406
2022-03-23 15:00:00,311.8993518518517
2022-03-23 16:00:00,156.1073379629628
2022-03-23 17:00:00,27.80736111111111
2022-03-23 18:00:00,0.0
2022-03-23 19:00:00,0.0
2022-03-23 20:00:00,0.0
2022-03-23 21:00:00,0.0
2022-03-23 22:00:00,0.0
2022-03-23 23:00:00,0.0
2022-03-24 00:00:00,0.0
2022-03-24 01:00:00,0.0
2022-03-24 02:00:00,0.0
2022-03-24 03:00:00,0.0
2022-03-24 04:00:00,0.0
2022-03-24 05:00:00,7.650763888888889
2022-03-24 06:00:00,108.23166666666667
2022-03-24 07:00:00,265.48127314814815
2022-03-24 08:00:00,419.3467592592592
2022-03-24 09:00:00,545.5020370370371
2022-03-24 10:00:00,630.2641203703703
2022-03-24 11:00:00,665.689398148148
2022-03-24 12:00:00,648.6755787037039
2022-03-24 13:00:00,580.1852083333333
2022-03-24 14:00:00,467.28275462962944
2022-03-24 15:00:00,321.67847222222224
2022-03-24 16:00:00,162.71111111111162
2022-03-24 17:00:00,30.561805555555555
2022-03-24 18:00:00,0.0
2022-03-24 19:00:00,0.0
2022-03-24 20:00:00,0.0
2022-03-24 21:00:00,0.0
2022-03-24 22:00:00,0.0
2022-03-24 23:00:00,0.0
2022-03-25 00:00:00,0.0
2022-03-25 01:00:00,0.0
2022-03-25 02:00:00,0.0
2022-03-25 03:00:00,0.0
2022-03-25 04:00:00,0.0
2022-03-25 05:00:00,9.18375
2022-03-25 06:00:00,113.0376851851852
2022-03-25 07:00:00,269.9436342592592
2022-03-25 08:00:00,421.2021296296296
2022-03-25 09:00:00,547.6437037037037
2022-03-25 10:00:00,629.0955092592592
2022-03-25 11:00:00,664.9385416666669
2022-03-25 12:00:00,613.0559490740739
2022-03-25 13:00:00,495.1812962962961
2022-03-25 14:00:00,401.52729166666666
2022-03-25 15:00:00,265.47710648148166
2022-03-25 16:00:00,146.50826388888888
2022-03-25 17:00:00,32.65013888888889
2022-03-25 18:00:00,0.0
2022-03-25 19:00:00,0.0
2022-03-25 20:00:00,0.0
2022-03-25 21:00:00,0.0
2022-03-25 22:00:00,0.0
2022-03-25 23:00:00,0.0
2022-03-26 00:00:00,0.0
2022-03-26 01:00:00,0.0
2022-03-26 02:00:00,0.0
2022-03-26 03:00:00,0.0
2022-03-26 04:00:00,0.0
2022-03-26 05:00:00,10.859120370370372
2022-03-26 06:00:00,119.16800925925926
2022-03-26 07:00:00,277.11300925925923
2022-03-26 08:00:00,429.0691435185185
2022-03-26 09:00:00,552.3171527777779
2022-03-26 10:00:00,634.1671527777778
2022-03-26 11:00:00,667.4124768518519
2022-03-26 12:00:00,649.0090046296294
2022-03-26 13:00:00,580.3091203703706
2022-03-26 14:00:00,467.9785416666667
2022-03-26 15:00:00,323.944560185185
2022-03-26 16:00:00,166.99192129629665
2022-03-26 17:00:00,34.46194444444444
2022-03-26 18:00:00,0.0
2022-03-26 19:00:00,0.0
2022-03-26 20:00:00,0.0
2022-03-26 21:00:00,0.0
2022-03-26 22:00:00,0.0
2022-03-26 23:00:00,0.0
2022-03-27 00:00:00,0.0
2022-03-27 01:00:00,0.0
2022-03-27 02:00:00,0.0
2022-03-27 03:00:00,0.0
2022-03-27 04:00:00,0.0
2022-03-27 05:00:00,10.58824074074074
2022-03-27 06:00:00,91.27842592592592
2022-03-27 07:00:00,234.98539351851855
2022-03-27 08:00:00,333.29324074074077
2022-03-27 09:00:00,489.6844675925925
2022-03-27 10:00:00,565.6302777777779
2022-03-27 11:00:00,590.2268055555555
2022-03-27 12:00:00,533.0448148148147
2022-03-27 13:00:00,368.2167129629628
2022-03-27 14:00:00,281.94219907407444
2022-03-27 15:00:00,234.46115740740723
2022-03-27 16:00:00,126.71421296296279
2022-03-27 17:00:00,33.66171296296331
2022-03-27 18:00:00,0.0
2022-03-27 19:00:00,0.0
2022-03-27 20:00:00,0.0
2022-03-27 21:00:00,0.0
2022-03-27 22:00:00,0.0
2022-03-27 23:00:00,0.0
2022-03-28 00:00:00,0.0
2022-03-28 01:00:00,0.0
2022-03-28 02:00:00,0.0
2022-03-28 03:00:00,0.0
2022-03-28 04:00:00,0.0
2022-03-28 05:00:00,13.96175925925926
2022-03-28 06:00:00,121.65611111111112
2022-03-28 07:00:00,282.8276620370371
2022-03-28 08:00:00,427.068287037037
2022-03-28 09:00:00,559.186226851852
2022-03-28 10:00:00,640.8822453703702
2022-03-28 11:00:00,676.5664120370373
2022-03-28 12:00:00,653.6671527777778
2022-03-28 13:00:00,555.6763657407406
2022-03-28 14:00:00,426.5274074074072
2022-03-28 15:00:00,326.93333333333385
2022-03-28 16:00:00,162.03657407407337
2022-03-28 17:00:00,35.74446759259328
2022-03-28 18:00:00,0.0
2022-03-28 19:00:00,0.0
2022-03-28 20:00:00,0.0
2022-03-28 21:00:00,0.0
2022-03-28 22:00:00,0.0
2022-03-28 23:00:00,0.0
2022-03-29 00:00:00,0.0
2022-03-29 01:00:00,0.0
2022-03-29 02:00:00,0.0
2022-03-29 03:00:00,0.0
2022-03-29 04:00:00,0.0
2022-03-29 05:00:00,11.733657407407406
2022-03-29 06:00:00,111.00541666666666
2022-03-29 07:00:00,260.1542824074074
2022-03-29 08:00:00,291.423287037037
2022-03-29 09:00:00,463.5771064814815
2022-03-29 10:00:00,574.29875
2022-03-29 11:00:00,490.00293981481474
2022-03-29 12:00:00,517.4226851851853
2022-03-29 13:00:00,448.82743055555557
2022-03-29 14:00:00,286.8968981481483
2022-03-29 15:00:00,193.36708333333334
2022-03-29 16:00:00,138.97560185185168
2022-03-29 17:00:00,35.79372685185168
2022-03-29 18:00:00,0.0
2022-03-29 19:00:00,0.0
2022-03-29 20:00:00,0.0
2022-03-29 21:00:00,0.0
2022-03-29 22:00:00,0.0
2022-03-29 23:00:00,0.0
2022-03-30 00:00:00,0.0
2022-03-30 01:00:00,0.0
2022-03-30 02:00:00,0.0
2022-03-30 03:00:00,0.0
2022-03-30 04:00:00,0.0
2022-03-30 05:00:00,8.841944444444444
2022-03-30 06:00:00,85.75967592592592
2022-03-30 07:00:00,136.19736111111112
2022-03-30 08:00:00,332.401574074074
2022-03-30 09:00:00,510.6048379629629
2022-03-30 10:00:00,474.41548611111125
2022-03-30 11:00:00,476.60122685185166
2022-03-30 12:00:00,364.41562500000026
2022-03-30 13:00:00,319.7598842592589
2022-03-30 14:00:00,340.26821759259275
2022-03-30 15:00:00,193.81615740740725
2022-03-30 16:00:00,100.68291666666667
2022-03-30 17:00:00,25.358078703703875
2022-03-30 18:00:00,0.0
2022-03-30 19:00:00,0.0
2022-03-30 20:00:00,0.0
2022-03-30 21:00:00,0.0
2022-03-30 22:00:00,0.0
2022-03-30 23:00:00,0.0
2022-03-31 00:00:00,0.0
2022-03-31 01:00:00,0.0
2022-03-31 02:00:00,0.0
2022-03-31 03:00:00,0.0
2022-03-31 04:00:00,0.0
2022-03-31 05:00:00,3.8679166666666664
2022-03-31 06:00:00,45.53141203703704
2022-03-31 07:00:00,76.1671064814815
2022-03-31 08:00:00,84.19479166666665
2022-03-31 09:00:00,92.2682175925926
2022-03-31 10:00:00,161.54668981481478
2022-03-31 11:00:00,176.82310185185187
2022-03-31 12:00:00,178.63090277777778
2022-03-31 13:00:00,110.04752314814819
2022-03-31 14:00:00,119.97104166666666
2022-03-31 15:00:00,91.79368055555555
2022-03-31 16:00:00,49.93604166666654
2022-03-31 17:00:00,11.63581018518527
2022-03-31 18:00:00,0.0
2022-03-31 19:00:00,0.0
2022-03-31 20:00:00,0.0
2022-03-31 21:00:00,0.0
2022-03-31 22:00:00,0.0
2022-03-31 23:00:00,0.0
2022-04-01 00:00:00,0.0
2022-04-01 01:00:00,0.0
2022-04-01 02:00:00,0.0
2022-04-01 03:00:00,0.0
2022-04-01 04:00:00,0.0
2022-04-01 05:00:00,5.815787037037037
2022-04-01 06:00:00,45.32761574074074
2022-04-01 07:00:00,112.0407175925926
2022-04-01 08:00:00,140.1100694444444
2022-04-01 09:00:00,184.39273148148152
2022-04-01 10:00:00,230.277662037037
2022-04-01 11:00:00,247.5819907407407
2022-04-01 12:00:00,217.47567129629624
2022-04-01 13:00:00,181.98636574074084
2022-04-01 14:00:00,132.43252314814805
2022-04-01 15:00:00,99.21287037037054
2022-04-01 16:00:00,55.42243055555556
2022-04-01 17:00:00,17.767754629629458
2022-04-01 18:00:00,0.018055555555555554
2022-04-01 19:00:00,0.0
2022-04-01 20:00:00,0.0
2022-04-01 21:00:00,0.0
2022-04-01 22:00:00,0.0
2022-04-01 23:00:00,0.0
2022-04-02 00:00:00,0.0
2022-04-02 01:00:00,0.0
2022-04-02 02:00:00,0.0
2022-04-02 03:00:00,0.0
2022-04-02 04:00:00,0.0
2022-04-02 05:00:00,13.632962962962962
2022-04-02 06:00:00,77.87171296296295
2022-04-02 07:00:00,167.85712962962964
2022-04-02 08:00:00,289.6591898148148
2022-04-02 09:00:00,365.6798148148148
2022-04-02 10:00:00,333.19273148148153
2022-04-02 11:00:00,345.41643518518526
2022-04-02 12:00:00,374.8789814814814
2022-04-02 13:00:00,358.8697453703703
2022-04-02 14:00:00,248.69194444444472
2022-04-02 15:00:00,256.22023148148116
2022-04-02 16:00:00,147.4143518518522
2022-04-02 17:00:00,42.57030092592558
2022-04-02 18:00:00,0.08474537037054283
2022-04-02 19:00:00,0.0
2022-04-02 20:00:00,0.0
2022-04-02 21:00:00,0.0
2022-04-02 22:00:00,0.0
2022-04-02 23:00:00,0.0
2022-04-03 00:00:00,0.0
2022-04-03 01:00:00,0.0
2022-04-03 02:00:00,0.0
2022-04-03 03:00:00,0.0
2022-04-03 04:00:00,0.0
2022-04-03 05:00:00,30.05115740740741
2022-04-03 06:00:00,163.22671296296298
2022-04-03 07:00:00,320.890625
2022-04-03 08:00:00,486.46488425925924
2022-04-03 09:00:00,573.8885879629629
2022-04-03 10:00:00,583.9809027777778
2022-04-03 11:00:00,518.4924074074075
2022-04-03 12:00:00,345.02430555555554
2022-04-03 13:00:00,390.2109722222222
2022-04-03 14:00:00,336.665185185185
2022-04-03 15:00:00,227.85002314814832
2022-04-03 16:00:00,155.02375
2022-04-03 17:00:00,42.966967592592766
2022-04-03 18:00:00,0.17476851851834604
2022-04-03 19:00:00,0.0
2022-04-03 20:00:00,0.0
2022-04-03 21:00:00,0.0
2022-04-03 22:00:00,0.0
2022-04-03 23:00:00,0.0
2022-04-04 00:00:00,0.0
2022-04-04 01:00:00,0.0
2022-04-04 02:00:00,0.0
2022-04-04 03:00:00,0.0
2022-04-04 04:00:00,0.0
2022-04-04 05:00:00,26.142685185185186
2022-04-04 06:00:00,97.59814814814814
2022-04-04 07:00:00,236.37256944444445
2022-04-04 08:00:00,370.00490740740736
2022-04-04 09:00:00,273.5431712962964
2022-04-04 10:00:00,205.8904629629629
2022-04-04 11:00:00,212.76182870370363
2022-04-04 12:00:00,210.76622685185194
2022-04-04 13:00:00,159.0676388888889
2022-04-04 14:00:00,63.417291666666664
2022-04-04 15:00:00,46.66046296296305
2022-04-04 16:00:00,12.066435185185012
2022-04-04 17:00:00,5.429444444444444
2022-04-04 18:00:00,0.06988425925943173
2022-04-04 19:00:00,0.0
2022-04-04 20:00:00,0.0
2022-04-04 21:00:00,0.0
2022-04-04 22:00:00,0.0
2022-04-04 23:00:00,0.0
2022-04-05 00:00:00,0.0
2022-04-05 01:00:00,0.0
2022-04-05 02:00:00,0.0
2022-04-05 03:00:00,0.0
2022-04-05 04:00:00,0.0
2022-04-05 05:00:00,3.297638888888889
2022-04-05 06:00:00,18.754050925925924
2022-04-05 07:00:00,28.84886574074074
2022-04-05 08:00:00,43.809907407407415
2022-04-05 09:00:00,106.66541666666664
2022-04-05 10:00:00,101.13203703703705
2022-04-05 11:00:00,245.2747222222222
2022-04-05 12:00:00,306.6358796296296
2022-04-05 13:00:00,239.29773148148152
2022-04-05 14:00:00,134.79486111111112
2022-04-05 15:00:00,79.09932870370362
2022-04-05 16:00:00,67.42432870370388
2022-04-05 17:00:00,15.87810185185168
2022-04-05 18:00:00,0.14715277777777777
2022-04-05 19:00:00,0.0
2022-04-05 20:00:00,0.0
2022-04-05 21:00:00,0.0
2022-04-05 22:00:00,0.0
2022-04-05 23:00:00,0.0
2022-04-06 00:00:00,0.0
2022-04-06 01:00:00,0.0
2022-04-06 02:00:00,0.0
2022-04-06 03:00:00,0.0
2022-04-06 04:00:00,0.0
2022-04-06 05:00:00,11.131597222222222
2022-04-06 06:00:00,93.56914351851853
2022-04-06 07:00:00,159.95259259259257
2022-04-06 08:00:00,193.44965277777777
2022-04-06 09:00:00,210.89134259259262
2022-04-06 10:00:00,197.9886342592592
2022-04-06 11:00:00,147.4774074074075
2022-04-06 12:00:00,187.33094907407403
2022-04-06 13:00:00,237.5923611111111
2022-04-06 14:00:00,203.85127314814807
2022-04-06 15:00:00,118.00178240740749
2022-04-06 16:00:00,61.62717592592584
2022-04-06 17:00:00,31.9909259259261
2022-04-06 18:00:00,0.3253009259258397
2022-04-06 19:00:00,0.0
2022-04-06 20:00:00,0.0
2022-04-06 21:00:00,0.0
2022-04-06 22:00:00,0.0
2022-04-06 23:00:00,0.0
2022-04-07 00:00:00,0.0
2022-04-07 01:00:00,0.0
2022-04-07 02:00:00,0.0
2022-04-07 03:00:00,0.0
2022-04-07 04:00:00,0.0
2022-04-07 05:00:00,11.734537037037038
2022-04-07 06:00:00,37.10451388888889
2022-04-07 07:00:00,63.68060185185185
2022-04-07 08:00:00,80.16210648148149
2022-04-07 09:00:00,74.87381944444445
2022-04-07 10:00:00,74.21960648148149
2022-04-07 11:00:00,211.94576388888888
2022-04-07 12:00:00,639.2501157407405
2022-04-07 13:00:00,538.0760185185186
2022-04-07 14:00:00,412.2926851851853
2022-04-07 15:00:00,292.1564351851853
2022-04-07 16:00:00,187.22004629629612
2022-04-07 17:00:00,50.9815509259261
2022-04-07 18:00:00,1.0336342592589143
2022-04-07 19:00:00,0.0
2022-04-07 20:00:00,0.0
2022-04-07 21:00:00,0.0
2022-04-07 22:00:00,0.0
2022-04-07 23:00:00,0.0
2022-04-08 00:00:00,0.0
2022-04-08 01:00:00,0.0
2022-04-08 02:00:00,0.0
2022-04-08 03:00:00,0.0
2022-04-08 04:00:00,0.0
2022-04-08 05:00:00,29.053055555555556
2022-04-08 06:00:00,97.94101851851852
2022-04-08 07:00:00,139.87118055555553
2022-04-08 08:00:00,145.08766203703703
2022-04-08 09:00:00,249.4156481481482
2022-04-08 10:00:00,247.46469907407402
2022-04-08 11:00:00,196.6791203703704
2022-04-08 12:00:00,189.5283333333332
2022-04-08 13:00:00,136.2362962962964
2022-04-08 14:00:00,94.48622685185194
2022-04-08 15:00:00,47.120185185185015
2022-04-08 16:00:00,44.84777777777778
2022-04-08 17:00:00,25.95826388888889
2022-04-08 18:00:00,0.9395833333333333
2022-04-08 19:00:00,0.0
2022-04-08 20:00:00,0.0
2022-04-08 21:00:00,0.0
2022-04-08 22:00:00,0.0
2022-04-08 23:00:00,0.0
2022-04-09 00:00:00,0.0
2022-04-09 01:00:00,0.0
2022-04-09 02:00:00,0.0
2022-04-09 03:00:00,0.0
2022-04-09 04:00:00,0.02267361111111111
2022-04-09 05:00:00,49.37336805555555
2022-04-09 06:00:00,167.2733564814815
2022-04-09 07:00:00,296.7433101851851
2022-04-09 08:00:00,438.46
2022-04-09 09:00:00,552.7762268518519
2022-04-09 10:00:00,625.5970138888889
2022-04-09 11:00:00,628.7933101851853
2022-04-09 12:00:00,576.8053009259256
2022-04-09 13:00:00,530.3786111111111
2022-04-09 14:00:00,432.5737268518522
2022-04-09 15:00:00,303.2496064814811
2022-04-09 16:00:00,149.00222222222274
2022-04-09 17:00:00,46.30745370370336
2022-04-09 18:00:00,1.8539583333333334
2022-04-09 19:00:00,0.0
2022-04-09 20:00:00,0.0
2022-04-09 21:00:00,0.0
2022-04-09 22:00:00,0.0
2022-04-09 23:00:00,0.0
2022-04-10 00:00:00,0.0
2022-04-10 01:00:00,0.0
2022-04-10 02:00:00,0.0
2022-04-10 03:00:00,0.0
2022-04-10 04:00:00,0.12495370370370369
2022-04-10 05:00:00,50.37921296296296
2022-04-10 06:00:00,152.3324074074074
2022-04-10 07:00:00,306.62307870370375
2022-04-10 08:00:00,477.53634259259263
2022-04-10 09:00:00,573.804722222222
2022-04-10 10:00:00,653.0054166666666
2022-04-10 11:00:00,637.6497453703703
2022-04-10 12:00:00,578.8534490740744
2022-04-10 13:00:00,517.0665740740739
2022-04-10 14:00:00,365.1910185185183
2022-04-10 15:00:00,279.87349537037056
2022-04-10 16:00:00,145.66164351851887
2022-04-10 17:00:00,64.59057870370336
2022-04-10 18:00:00,1.8210416666666667
2022-04-10 19:00:00,0.0
2022-04-10 20:00:00,0.0
2022-04-10 21:00:00,0.0
2022-04-10 22:00:00,0.0
2022-04-10 23:00:00,0.0
2022-04-11 00:00:00,0.0
2022-04-11 01:00:00,0.0
2022-04-11 02:00:00,0.0
2022-04-11 03:00:00,0.0
2022-04-11 04:00:00,0.3062037037037037
2022-04-11 05:00:00,56.57659722222222
2022-04-11 06:00:00,196.15081018518518
2022-04-11 07:00:00,346.010949074074
2022-04-11 08:00:00,513.8305787037037
2022-04-11 09:00:00,644.3406944444445
2022-04-11 10:00:00,725.3686574074072
2022-04-11 11:00:00,743.9329629629633
2022-04-11 12:00:00,700.2606712962961
2022-04-11 13:00:00,646.8846064814817
2022-04-11 14:00:00,536.2242592592594
2022-04-11 15:00:00,398.8662731481478
2022-04-11 16:00:00,234.7518518518522
2022-04-11 17:00:00,78.10745370370336
2022-04-11 18:00:00,2.9130324074077523
2022-04-11 19:00:00,0.0
2022-04-11 20:00:00,0.0
2022-04-11 21:00:00,0.0
2022-04-11 22:00:00,0.0
2022-04-11 23:00:00,0.0
2022-04-12 00:00:00,0.0
2022-04-12 01:00:00,0.0
2022-04-12 02:00:00,0.0
2022-04-12 03:00:00,0.0
2022-04-12 04:00:00,0.5390972222222222
2022-04-12 05:00:00,58.211782407407405
2022-04-12 06:00:00,142.21548611111112
2022-04-12 07:00:00,323.4940277777778
2022-04-12 08:00:00,485.6168055555555
2022-04-12 09:00:00,627.4051851851851
2022-04-12 10:00:00,716.9693055555558
2022-04-12 11:00:00,750.5287268518517
2022-04-12 12:00:00,725.7989814814816
2022-04-12 13:00:00,627.5288425925922
2022-04-12 14:00:00,511.09900462962946
2022-04-12 15:00:00,336.8279166666667
2022-04-12 16:00:00,183.92125
2022-04-12 17:00:00,62.97037037037106
2022-04-12 18:00:00,2.5537731481478034
2022-04-12 19:00:00,0.0
2022-04-12 20:00:00,0.0
2022-04-12 21:00:00,0.0
2022-04-12 22:00:00,0.0
2022-04-12 23:00:00,0.0
2022-04-13 00:00:00,0.0
2022-04-13 01:00:00,0.0
2022-04-13 02:00:00,0.0
2022-04-13 03:00:00,0.0
2022-04-13 04:00:00,0.7360416666666667
2022-04-13 05:00:00,45.12571759259259
2022-04-13 06:00:00,172.52194444444444
2022-04-13 07:00:00,295.04576388888887
2022-04-13 08:00:00,373.6842361111112
2022-04-13 09:00:00,397.432986111111
2022-04-13 10:00:00,392.1594907407408
2022-04-13 11:00:00,411.94856481481474
2022-04-13 12:00:00,449.7364583333336
2022-04-13 13:00:00,485.0081018518517
2022-04-13 14:00:00,336.0134490740739
2022-04-13 15:00:00,221.72856481481497
2022-04-13 16:00:00,121.65069444444444
2022-04-13 17:00:00,51.47587962962946
2022-04-13 18:00:00,3.0653935185188637
2022-04-13 19:00:00,0.0
2022-04-13 20:00:00,0.0
2022-04-13 21:00:00,0.0
2022-04-13 22:00:00,0.0
2022-04-13 23:00:00,0.0
2022-04-14 00:00:00,0.0
2022-04-14 01:00:00,0.0
2022-04-14 02:00:00,0.0
2022-04-14 03:00:00,0.0
2022-04-14 04:00:00,0.8708680555555556
2022-04-14 05:00:00,43.80876157407407
2022-04-14 06:00:00,113.25245370370371
2022-04-14 07:00:00,237.63509259259257
2022-04-14 08:00:00,485.23824074074076
2022-04-14 09:00:00,584.1684027777778
2022-04-14 10:00:00,616.6169444444445
2022-04-14 11:00:00,652.8569444444445
2022-04-14 12:00:00,572.6686805555555
2022-04-14 13:00:00,469.0359027777778
2022-04-14 14:00:00,359.0009490740739
2022-04-14 15:00:00,235.30706018518552
2022-04-14 16:00:00,123.86831018518501
2022-04-14 17:00:00,64.238125
2022-04-14 18:00:00,3.192245370370543
2022-04-14 19:00:00,0.0
2022-04-14 20:00:00,0.0
2022-04-14 21:00:00,0.0
2022-04-14 22:00:00,0.0
2022-04-14 23:00:00,0.0
2022-04-15 00:00:00,0.0
2022-04-15 01:00:00,0.0
2022-04-15 02:00:00,0.0
2022-04-15 03:00:00,0.0
2022-04-15 04:00:00,1.8246064814814813
2022-04-15 05:00:00,74.76347222222222
2022-04-15 06:00:00,202.8945138888889
2022-04-15 07:00:00,319.32645833333333
2022-04-15 08:00:00,466.9715046296296
2022-04-15 09:00:00,532.3648148148147
2022-04-15 10:00:00,635.1540509259261
2022-04-15 11:00:00,627.5332407407408
2022-04-15 12:00:00,644.6660416666666
2022-04-15 13:00:00,563.9612037037034
2022-04-15 14:00:00,487.45125
2022-04-15 15:00:00,383.78194444444495
2022-04-15 16:00:00,208.42863425925893
2022-04-15 17:00:00,75.24847222222222
2022-04-15 18:00:00,3.9428935185188636
2022-04-15 19:00:00,0.0
2022-04-15 20:00:00,0.0
2022-04-15 21:00:00,0.0
2022-04-15 22:00:00,0.0
2022-04-15 23:00:00,0.0
2022-04-16 00:00:00,0.0
2022-04-16 01:00:00,0.0
2022-04-16 02:00:00,0.0
2022-04-16 03:00:00,0.0
2022-04-16 04:00:00,2.3593981481481485
2022-04-16 05:00:00,69.88898148148148
2022-04-16 06:00:00,195.27949074074075
2022-04-16 07:00:00,319.38388888888886
2022-04-16 08:00:00,456.93645833333335
2022-04-16 09:00:00,446.2628472222221
2022-04-16 10:00:00,558.6197222222222
2022-04-16 11:00:00,561.9736805555558
2022-04-16 12:00:00,697.1125462962962
2022-04-16 13:00:00,663.7885416666667
2022-04-16 14:00:00,569.0739351851851
2022-04-16 15:00:00,431.40664351851836
2022-04-16 16:00:00,263.83113425925995
2022-04-16 17:00:00,96.51615740740672
2022-04-16 18:00:00,6.920601851852197
2022-04-16 19:00:00,0.0
2022-04-16 20:00:00,0.0
2022-04-16 21:00:00,0.0
2022-04-16 22:00:00,0.0
2022-04-16 23:00:00,0.0
2022-04-17 00:00:00,0.0
2022-04-17 01:00:00,0.0
2022-04-17 02:00:00,0.0
2022-04-17 03:00:00,0.0
2022-04-17 04:00:00,3.470011574074074
2022-04-17 05:00:00,90.27644675925926
2022-04-17 06:00:00,251.60287037037034
2022-04-17 07:00:00,422.1648611111112
2022-04-17 08:00:00,575.8112037037038
2022-04-17 09:00:00,696.5460416666666
2022-04-17 10:00:00,773.5556712962964
2022-04-17 11:00:00,800.0903472222222
2022-04-17 12:00:00,776.4201620370367
2022-04-17 13:00:00,703.3993981481483
2022-04-17 14:00:00,586.3690277777778
2022-04-17 15:00:00,436.88803240740776
2022-04-17 16:00:00,269.50314814814783
2022-04-17 17:00:00,108.21918981481447
2022-04-17 18:00:00,8.035671296296641
2022-04-17 19:00:00,0.0
2022-04-17 20:00:00,0.0
2022-04-17 21:00:00,0.0
2022-04-17 22:00:00,0.0
2022-04-17 23:00:00,0.0
2022-04-18 00:00:00,0.0
2022-04-18 01:00:00,0.0
2022-04-18 02:00:00,0.0
2022-04-18 03:00:00,0.0
2022-04-18 04:00:00,4.277905092592593
2022-04-18 05:00:00,92.7847800925926
2022-04-18 06:00:00,252.06625
2022-04-18 07:00:00,418.48680555555546
2022-04-18 08:00:00,570.989837962963
2022-04-18 09:00:00,690.7574074074075
2022-04-18 10:00:00,763.0436574074072
2022-04-18 11:00:00,790.3342824074077
2022-04-18 12:00:00,770.5613425925923
2022-04-18 13:00:00,699.973310185185
2022-04-18 14:00:00,584.1682407407411
2022-04-18 15:00:00,437.0562731481478
2022-04-18 16:00:00,271.35143518518555
2022-04-18 17:00:00,110.72615740740775
2022-04-18 18:00:00,8.937708333333333
2022-04-18 19:00:00,0.0
2022-04-18 20:00:00,0.0
2022-04-18 21:00:00,0.0
2022-04-18 22:00:00,0.0
2022-04-18 23:00:00,0.0
2022-04-19 00:00:00,0.0
2022-04-19 01:00:00,0.0
2022-04-19 02:00:00,0.0
2022-04-19 03:00:00,0.0
2022-04-19 04:00:00,5.143530092592592
2022-04-19 05:00:00,93.86964120370371
2022-04-19 06:00:00,242.22159722222221
2022-04-19 07:00:00,413.6125231481481
2022-04-19 08:00:00,568.0576157407409
2022-04-19 09:00:00,693.2348379629628
2022-04-19 10:00:00,751.2522453703702
2022-04-19 11:00:00,775.2211111111111
2022-04-19 12:00:00,764.8619444444445
2022-04-19 13:00:00,693.249814814815
2022-04-19 14:00:00,566.6635185185189
2022-04-19 15:00:00,408.4904629629623
2022-04-19 16:00:00,257.3875925925933
2022-04-19 17:00:00,99.6162962962956
2022-04-19 18:00:00,9.399074074074418
2022-04-19 19:00:00,0.0
2022-04-19 20:00:00,0.0
2022-04-19 21:00:00,0.0
2022-04-19 22:00:00,0.0
2022-04-19 23:00:00,0.0
2022-04-20 00:00:00,0.0
2022-04-20 01:00:00,0.0
2022-04-20 02:00:00,0.0
2022-04-20 03:00:00,0.0
2022-04-20 04:00:00,6.0412384259259255
2022-04-20 05:00:00,97.78026620370372
2022-04-20 06:00:00,247.87215277777779
2022-04-20 07:00:00,417.57583333333326
2022-04-20 08:00:00,565.6085185185185
2022-04-20 09:00:00,683.3762037037038
2022-04-20 10:00:00,763.8022453703703
2022-04-20 11:00:00,792.7120833333333
2022-04-20 12:00:00,767.036875
2022-04-20 13:00:00,611.29537037037
2022-04-20 14:00:00,489.3714814814822
2022-04-20 15:00:00,298.42326388888887
2022-04-20 16:00:00,191.78965277777777
2022-04-20 17:00:00,76.32884259259225
2022-04-20 18:00:00,10.475370370370026
2022-04-20 19:00:00,0.0
2022-04-20 20:00:00,0.0
2022-04-20 21:00:00,0.0
2022-04-20 22:00:00,0.0
2022-04-20 23:00:00,0.0
2022-04-21 00:00:00,0.0
2022-04-21 01:00:00,0.0
2022-04-21 02:00:00,0.0
2022-04-21 03:00:00,0.0
2022-04-21 04:00:00,7.010289351851852
2022-04-21 05:00:00,97.35739583333333
2022-04-21 06:00:00,257.8525462962962
2022-04-21 07:00:00,404.2222916666667
2022-04-21 08:00:00,529.3765277777776
2022-04-21 09:00:00,665.3997222222222
2022-04-21 10:00:00,709.571226851852
2022-04-21 11:00:00,745.0325925925928
2022-04-21 12:00:00,563.3882870370367
2022-04-21 13:00:00,372.89870370370386
2022-04-21 14:00:00,144.99259259259276
2022-04-21 15:00:00,161.72085648148115
2022-04-21 16:00:00,106.16775462962946
2022-04-21 17:00:00,42.45037037037106
2022-04-21 18:00:00,9.231712962962273
2022-04-21 19:00:00,0.0
2022-04-21 20:00:00,0.0
2022-04-21 21:00:00,0.0
2022-04-21 22:00:00,0.0
2022-04-21 23:00:00,0.0
2022-04-22 00:00:00,0.0
2022-04-22 01:00:00,0.0
2022-04-22 02:00:00,0.0
2022-04-22 03:00:00,0.0
2022-04-22 04:00:00,5.5017708333333335
2022-04-22 05:00:00,65.43600694444444
2022-04-22 06:00:00,202.653125
2022-04-22 07:00:00,345.39736111111114
2022-04-22 08:00:00,398.72905092592595
2022-04-22 09:00:00,469.5326157407407
2022-04-22 10:00:00,438.28425925925916
2022-04-22 11:00:00,405.54777777777804
2022-04-22 12:00:00,370.23914351851835
2022-04-22 13:00:00,295.09071759259274
2022-04-22 14:00:00,208.78162037037004
2022-04-22 15:00:00,137.97020833333335
2022-04-22 16:00:00,122.00104166666667
2022-04-22 17:00:00,48.108078703703875
2022-04-22 18:00:00,9.521296296296123
2022-04-22 19:00:00,0.0
2022-04-22 20:00:00,0.0
2022-04-22 21:00:00,0.0
2022-04-22 22:00:00,0.0
2022-04-22 23:00:00,0.0
2022-04-23 00:00:00,0.0
2022-04-23 01:00:00,0.0
2022-04-23 02:00:00,0.0
2022-04-23 03:00:00,0.0
2022-04-23 04:00:00,9.333993055555556
2022-04-23 05:00:00,103.24072916666667
2022-04-23 06:00:00,225.54111111111112
2022-04-23 07:00:00,345.9103703703704
2022-04-23 08:00:00,526.8601157407408
2022-04-23 09:00:00,646.4313888888889
2022-04-23 10:00:00,673.2650694444444
2022-04-23 11:00:00,531.8186574074073
2022-04-23 12:00:00,476.0639814814817
2022-04-23 13:00:00,445.3954166666667
2022-04-23 14:00:00,349.1800462962961
2022-04-23 15:00:00,214.07412037037054
2022-04-23 16:00:00,124.22004629629664
2022-04-23 17:00:00,47.411620370370024
2022-04-23 18:00:00,11.944745370370025
2022-04-23 19:00:00,0.0
2022-04-23 20:00:00,0.0
2022-04-23 21:00:00,0.0
2022-04-23 22:00:00,0.0
2022-04-23 23:00:00,0.0
2022-04-24 00:00:00,0.0
2022-04-24 01:00:00,0.0
2022-04-24 02:00:00,0.0
2022-04-24 03:00:00,0.0
2022-04-24 04:00:00,9.933854166666666
2022-04-24 05:00:00,90.80267361111112
2022-04-24 06:00:00,222.97215277777778
2022-04-24 07:00:00,318.9310185185185
2022-04-24 08:00:00,510.3656018518519
2022-04-24 09:00:00,604.9786805555555
2022-04-24 10:00:00,674.3441203703703
2022-04-24 11:00:00,577.2133101851855
2022-04-24 12:00:00,505.89444444444445
2022-04-24 13:00:00,492.2133333333333
2022-04-24 14:00:00,419.6452777777778
2022-04-24 15:00:00,340.95465277777726
2022-04-24 16:00:00,197.64967592592663
2022-04-24 17:00:00,91.35287037037003
2022-04-24 18:00:00,14.633240740741085
2022-04-24 19:00:00,0.0
2022-04-24 20:00:00,0.0
2022-04-24 21:00:00,0.0
2022-04-24 22:00:00,0.0
2022-04-24 23:00:00,0.0
2022-04-25 00:00:00,0.0
2022-04-25 01:00:00,0.0
2022-04-25 02:00:00,0.0
2022-04-25 03:00:00,0.0
2022-04-25 04:00:00,11.326875
2022-04-25 05:00:00,93.52094907407408
2022-04-25 06:00:00,198.85483796296293
2022-04-25 07:00:00,215.66370370370376
2022-04-25 08:00:00,262.6455324074074
2022-04-25 09:00:00,260.8719675925925
2022-04-25 10:00:00,362.76145833333345
2022-04-25 11:00:00,558.0977546296294
2022-04-25 12:00:00,655.5945601851853
2022-04-25 13:00:00,601.8545138888888
2022-04-25 14:00:00,517.6144675925927
2022-04-25 15:00:00,420.2666435185183
2022-04-25 16:00:00,205.24851851851835
2022-04-25 17:00:00,102.89877314814832
2022-04-25 18:00:00,15.817777777777778
2022-04-25 19:00:00,0.0
2022-04-25 20:00:00,0.0
2022-04-25 21:00:00,0.0
2022-04-25 22:00:00,0.0
2022-04-25 23:00:00,0.0
2022-04-26 00:00:00,0.0
2022-04-26 01:00:00,0.0
2022-04-26 02:00:00,0.0
2022-04-26 03:00:00,0.0
2022-04-26 04:00:00,9.933530092592592
2022-04-26 05:00:00,83.88991898148149
2022-04-26 06:00:00,87.99064814814814
2022-04-26 07:00:00,223.571087962963
2022-04-26 08:00:00,352.5931712962963
2022-04-26 09:00:00,374.5628935185185
2022-04-26 10:00:00,511.37375
2022-04-26 11:00:00,438.17967592592584
2022-04-26 12:00:00,364.41094907407415
2022-04-26 13:00:00,377.63634259259277
2022-04-26 14:00:00,376.84136574074057
2022-04-26 15:00:00,297.38814814814833
2022-04-26 16:00:00,165.2734490740739
2022-04-26 17:00:00,91.42618055555556
2022-04-26 18:00:00,14.307245370370543
2022-04-26 19:00:00,0.0
2022-04-26 20:00:00,0.0
2022-04-26 21:00:00,0.0
2022-04-26 22:00:00,0.0
2022-04-26 23:00:00,0.0
2022-04-27 00:00:00,0.0
2022-04-27 01:00:00,0.0
2022-04-27 02:00:00,0.0
2022-04-27 03:00:00,0.0
2022-04-27 04:00:00,14.49318287037037
2022-04-27 05:00:00,109.25434027777777
2022-04-27 06:00:00,231.4957638888889
2022-04-27 07:00:00,372.4448148148148
2022-04-27 08:00:00,556.8358564814815
2022-04-27 09:00:00,676.8914351851853
2022-04-27 10:00:00,590.9765046296297
2022-04-27 11:00:00,383.6628240740739
2022-04-27 12:00:00,390.5248842592594
2022-04-27 13:00:00,325.1578009259256
2022-04-27 14:00:00,310.43752314814833
2022-04-27 15:00:00,252.91456018518502
2022-04-27 16:00:00,184.9256018518522
2022-04-27 17:00:00,129.0426620370367
2022-04-27 18:00:00,20.04754629629664
2022-04-27 19:00:00,0.0
2022-04-27 20:00:00,0.0
2022-04-27 21:00:00,0.0
2022-04-27 22:00:00,0.0
2022-04-27 23:00:00,0.0
2022-04-28 00:00:00,0.0
2022-04-28 01:00:00,0.0
2022-04-28 02:00:00,0.0
2022-04-28 03:00:00,0.0
2022-04-28 04:00:00,17.655347222222222
2022-04-28 05:00:00,128.55891203703706
2022-04-28 06:00:00,291.6712037037037
2022-04-28 07:00:00,458.6596759259259
2022-04-28 08:00:00,606.4135416666667
2022-04-28 09:00:00,723.1031944444444
2022-04-28 10:00:00,790.9204629629628
2022-04-28 11:00:00,820.7260416666667
2022-04-28 12:00:00,816.6338194444445
2022-04-28 13:00:00,735.0728472222228
2022-04-28 14:00:00,614.0961805555555
2022-04-28 15:00:00,467.98791666666665
2022-04-28 16:00:00,298.22305555555556
2022-04-28 17:00:00,141.90256944444445
2022-04-28 18:00:00,22.684120370370024
2022-04-28 19:00:00,0.0
2022-04-28 20:00:00,0.0
2022-04-28 21:00:00,0.0
2022-04-28 22:00:00,0.0
2022-04-28 23:00:00,0.0
2022-04-29 00:00:00,0.0
2022-04-29 01:00:00,0.0
2022-04-29 02:00:00,0.0
2022-04-29 03:00:00,0.0
2022-04-29 04:00:00,15.055868055555555
2022-04-29 05:00:00,103.85721064814814
2022-04-29 06:00:00,221.5082870370371
2022-04-29 07:00:00,298.7806018518519
2022-04-29 08:00:00,288.8422685185185
2022-04-29 09:00:00,423.0363194444444
2022-04-29 10:00:00,400.28858796296305
2022-04-29 11:00:00,494.109375
2022-04-29 12:00:00,594.3025925925925
2022-04-29 13:00:00,506.39416666666665
2022-04-29 14:00:00,419.07659722222223
2022-04-29 15:00:00,222.4571759259261
2022-04-29 16:00:00,101.3498379629628
2022-04-29 17:00:00,28.414074074073902
2022-04-29 18:00:00,9.318819444444445
2022-04-29 19:00:00,0.0
2022-04-29 20:00:00,0.0
2022-04-29 21:00:00,0.0
2022-04-29 22:00:00,0.0
2022-04-29 23:00:00,0.0
2022-04-30 00:00:00,0.0
2022-04-30 01:00:00,0.0
2022-04-30 02:00:00,0.0
2022-04-30 03:00:00,0.0
2022-04-30 04:00:00,13.739930555555556
2022-04-30 05:00:00,115.52951388888889
2022-04-30 06:00:00,198.063125
2022-04-30 07:00:00,307.864050925926
2022-04-30 08:00:00,450.21393518518516
2022-04-30 09:00:00,641.8773842592592
2022-04-30 10:00:00,710.0366435185186
2022-04-30 11:00:00,572.1705092592595
2022-04-30 12:00:00,418.03148148148114
2022-04-30 13:00:00,365.78490740740773
2022-04-30 14:00:00,377.5363888888889
2022-04-30 15:00:00,248.54854166666667
2022-04-30 16:00:00,114.0425
2022-04-30 17:00:00,66.39099537037002
2022-04-30 18:00:00,12.360370370370543
2022-04-30 19:00:00,0.0
2022-04-30 20:00:00,0.0
2022-04-30 21:00:00,0.0
2022-04-30 22:00:00,0.0
2022-04-30 23:00:00,0.0
