index;soc
2022-02-01 00:00:00;0,8460449682253622
2022-02-01 00:01:00;0,8460448512441109
2022-02-01 00:02:00;0,8460447342628595
2022-02-01 00:03:00;0,8460446172816081
2022-02-01 00:04:00;0,8460446172816081
2022-02-01 00:05:00;0,8460446172816081
2022-02-01 00:06:00;0,8460446172816081
2022-02-01 00:07:00;0,8460446172816081
2022-02-01 00:08:00;0,8460446172816081
2022-02-01 00:09:00;0,8460446172816081
2022-02-01 00:10:00;0,8460446172816081
2022-02-01 00:11:00;0,8460425994015167
2022-02-01 00:12:00;0,8460405815214253
2022-02-01 00:13:00;0,8460385636413339
2022-02-01 00:14:00;0,8460365457612423
2022-02-01 00:15:00;0,8460281147641954
2022-02-01 00:16:00;0,8460196837671483
2022-02-01 00:17:00;0,8460112527701009
2022-02-01 00:18:00;0,8460028217730541
2022-02-01 00:19:00;0,8459943907760069
2022-02-01 00:20:00;0,84598595977896
2022-02-01 00:21:00;0,8459781484663796
2022-02-01 00:22:00;0,8459703371537992
2022-02-01 00:23:00;0,8459632609261094
2022-02-01 00:24:00;0,8459561846984196
2022-02-01 00:25:00;0,8459491084707297
2022-02-01 00:26:00;0,8459420322430399
2022-02-01 00:27:00;0,84593495601535
2022-02-01 00:28:00;0,8459278797876602
2022-02-01 00:29:00;0,8459208035599702
2022-02-01 00:30:00;0,8459127760691992
2022-02-01 00:31:00;0,8459163413150514
2022-02-01 00:32:00;0,8459199065609038
2022-02-01 00:33:00;0,8459234718067562
2022-02-01 00:34:00;0,8459270370526086
2022-02-01 00:35:00;0,8459283562584343
2022-02-01 00:36:00;0,8459296754642601
2022-02-01 00:37:00;0,8459309946700859
2022-02-01 00:38:00;0,8459323138759118
2022-02-01 00:39:00;0,8459324328023623
2022-02-01 00:40:00;0,8459325517288127
2022-02-01 00:41:00;0,845932670655263
2022-02-01 00:42:00;0,8459327895817136
2022-02-01 00:43:00;0,8459329085081639
2022-02-01 00:44:00;0,8459330274346143
2022-02-01 00:45:00;0,8459351642411562
2022-02-01 00:46:00;0,8459373010476983
2022-02-01 00:47:00;0,8459394378542401
2022-02-01 00:48:00;0,8459400303677456
2022-02-01 00:49:00;0,8459406228812512
2022-02-01 00:50:00;0,8459412153947568
2022-02-01 00:51:00;0,8459418079082623
2022-02-01 00:52:00;0,8459424004217678
2022-02-01 00:53:00;0,8459429929352735
2022-02-01 00:54:00;0,8459369016213493
2022-02-01 00:55:00;0,8459308103074251
2022-02-01 00:56:00;0,8459247189935007
2022-02-01 00:57:00;0,8459215712309789
2022-02-01 00:58:00;0,8459184234684568
2022-02-01 00:59:00;0,8459152757059349
2022-02-01 01:00:00;0,8459069416611062
2022-02-01 01:01:00;0,8458986076162776
2022-02-01 01:02:00;0,845890273571449
2022-02-01 01:03:00;0,8458819395266203
2022-02-01 01:04:00;0,8458736054817917
2022-02-01 01:05:00;0,845865271436963
2022-02-01 01:06:00;0,8458569373921343
2022-02-01 01:07:00;0,8458601960839293
2022-02-01 01:08:00;0,8458634547757242
2022-02-01 01:09:00;0,8458667134675192
2022-02-01 01:10:00;0,845869972159314
2022-02-01 01:11:00;0,845873230851109
2022-02-01 01:12:00;0,8458764895429038
2022-02-01 01:13:00;0,8458681554980753
2022-02-01 01:14:00;0,8458598214532467
2022-02-01 01:15:00;0,8458455815079068
2022-02-01 01:16:00;0,8458313415625667
2022-02-01 01:17:00;0,8458171016172269
2022-02-01 01:18:00;0,8458028616718868
2022-02-01 01:19:00;0,8457886217265469
2022-02-01 01:20:00;0,8457740035681746
2022-02-01 01:21:00;0,8457593854098022
2022-02-01 01:22:00;0,8457447672514299
2022-02-01 01:23:00;0,8457301490930577
2022-02-01 01:24:00;0,8457155309346852
2022-02-01 01:25:00;0,8457009127763129
2022-02-01 01:26:00;0,8456862946179408
2022-02-01 01:27:00;0,8456716764595684
2022-02-01 01:28:00;0,8456570583011961
2022-02-01 01:29:00;0,8456424401428236
2022-02-01 01:30:00;0,8456345058118814
2022-02-01 01:31:00;0,8456265714809388
2022-02-01 01:32:00;0,8456186371499963
2022-02-01 01:33:00;0,8456107028190537
2022-02-01 01:34:00;0,8456037197511928
2022-02-01 01:35:00;0,8455967366833315
2022-02-01 01:36:00;0,8456013463520942
2022-02-01 01:37:00;0,8456059560208563
2022-02-01 01:38:00;0,8456105656896189
2022-02-01 01:39:00;0,8456175663603099
2022-02-01 01:40:00;0,845624567031001
2022-02-01 01:41:00;0,8456315677016919
2022-02-01 01:42:00;0,8456385683723829
2022-02-01 01:43:00;0,8456455690430739
2022-02-01 01:44:00;0,845652569713765
2022-02-01 01:45:00;0,8456607706638315
2022-02-01 01:46:00;0,8456689716138978
2022-02-01 01:47:00;0,8456771725639642
2022-02-01 01:48:00;0,8456865424642748
2022-02-01 01:49:00;0,8456959123645854
2022-02-01 01:50:00;0,8457031674686998
2022-02-01 01:51:00;0,8457104225728141
2022-02-01 01:52:00;0,8457176776769286
2022-02-01 01:53:00;0,8457249327810429
2022-02-01 01:54:00;0,8457205951485337
2022-02-01 01:55:00;0,8457162575160247
2022-02-01 01:56:00;0,8457119198835155
2022-02-01 01:57:00;0,8457075822510063
2022-02-01 01:58:00;0,845708164154366
2022-02-01 01:59:00;0,8457087460577258
2022-02-01 02:00:00;0,8456940042956496
2022-02-01 02:01:00;0,8456792625335734
2022-02-01 02:02:00;0,8456645207714971
2022-02-01 02:03:00;0,845649779009421
2022-02-01 02:04:00;0,8456350372473448
2022-02-01 02:05:00;0,8456215689027994
2022-02-01 02:06:00;0,8456081005582535
2022-02-01 02:07:00;0,8455946322137081
2022-02-01 02:08:00;0,8455832786653588
2022-02-01 02:09:00;0,8455719251170094
2022-02-01 02:10:00;0,845583757041907
2022-02-01 02:11:00;0,8455839962301814
2022-02-01 02:12:00;0,8455842354184554
2022-02-01 02:13:00;0,8455844746067296
2022-02-01 02:14:00;0,8455808043570542
2022-02-01 02:15:00;0,8455682837629666
2022-02-01 02:16:00;0,845560051164073
2022-02-01 02:17:00;0,8455518185651794
2022-02-01 02:18:00;0,8455508303727906
2022-02-01 02:19:00;0,8455498421804015
2022-02-01 02:20:00;0,8455488539880126
2022-02-01 02:21:00;0,845559458532247
2022-02-01 02:22:00;0,8455700630764817
2022-02-01 02:23:00;0,8455806676207164
2022-02-01 02:24:00;0,8455916503779835
2022-02-01 02:25:00;0,8456142258718738
2022-02-01 02:26:00;0,8456368013657642
2022-02-01 02:27:00;0,8456593768596546
2022-02-01 02:28:00;0,8456830957378623
2022-02-01 02:29:00;0,8456954326564758
2022-02-01 02:30:00;0,8457048701262713
2022-02-01 02:31:00;0,8457143075960667
2022-02-01 02:32:00;0,8457237450658622
2022-02-01 02:33:00;0,8457331825356578
2022-02-01 02:34:00;0,8457426200054531
2022-02-01 02:35:00;0,8457520574752485
2022-02-01 02:36:00;0,845761494945044
2022-02-01 02:37:00;0,8457709324148394
2022-02-01 02:38:00;0,845780369884635
2022-02-01 02:39:00;0,8457898073544304
2022-02-01 02:40:00;0,8457992448242259
2022-02-01 02:41:00;0,8458086822940213
2022-02-01 02:42:00;0,8458181197638167
2022-02-01 02:43:00;0,8458275572336121
2022-02-01 02:44:00;0,8458418547426696
2022-02-01 02:45:00;0,8458600616896766
2022-02-01 02:46:00;0,8458782686366835
2022-02-01 02:47:00;0,8458964755836904
2022-02-01 02:48:00;0,8459146825306972
2022-02-01 02:49:00;0,8459328894777043
2022-02-01 02:50:00;0,8459510964247111
2022-02-01 02:51:00;0,8459693033717182
2022-02-01 02:52:00;0,845987510318725
2022-02-01 02:53:00;0,8460057172657319
2022-02-01 02:54:00;0,8460239242127389
2022-02-01 02:55:00;0,8460443771997723
2022-02-01 02:56:00;0,8460880156600529
2022-02-01 02:57:00;0,84612006138371
2022-02-01 02:58:00;0,846152107107367
2022-02-01 02:59:00;0,846184152831024
2022-02-01 03:00:00;0,8462154682122738
2022-02-01 03:01:00;0,8462467835935235
2022-02-01 03:02:00;0,8462726818691294
2022-02-01 03:03:00;0,8462985801447351
2022-02-01 03:04:00;0,8463244784203412
2022-02-01 03:05:00;0,8463503766959473
2022-02-01 03:06:00;0,846376274971553
2022-02-01 03:07:00;0,8464029035895663
2022-02-01 03:08:00;0,8464295322075794
2022-02-01 03:09:00;0,8464561608255926
2022-02-01 03:10:00;0,8464827894436059
2022-02-01 03:11:00;0,8465094180616191
2022-02-01 03:12:00;0,8465360466796323
2022-02-01 03:13:00;0,8465626752976455
2022-02-01 03:14:00;0,8465890931386292
2022-02-01 03:15:00;0,8466041290200189
2022-02-01 03:16:00;0,8466191649014085
2022-02-01 03:17:00;0,8466416969658642
2022-02-01 03:18:00;0,8466648824391113
2022-02-01 03:19:00;0,8466880679123583
2022-02-01 03:20:00;0,8467112533856056
2022-02-01 03:21:00;0,8467344388588526
2022-02-01 03:22:00;0,8467576243320998
2022-02-01 03:23:00;0,8467808098053469
2022-02-01 03:24:00;0,846803995278594
2022-02-01 03:25:00;0,8468271807518412
2022-02-01 03:26:00;0,8468503662250882
2022-02-01 03:27:00;0,8468735516983354
2022-02-01 03:28:00;0,8468967371715825
2022-02-01 03:29:00;0,8469199226448296
2022-02-01 03:30:00;0,8469431081180768
2022-02-01 03:31:00;0,8469547008547003
2022-02-01 03:32:00;0,8469662935913238
2022-02-01 03:33:00;0,8469778863279475
2022-02-01 03:34:00;0,8469894790645709
2022-02-01 03:35:00;0,8470010718011945
2022-02-01 03:36:00;0,8470126645378181
2022-02-01 03:37:00;0,8470242572744417
2022-02-01 03:38:00;0,8470358500110652
2022-02-01 03:39:00;0,8470474427476888
2022-02-01 03:40:00;0,8470590354843124
2022-02-01 03:41:00;0,8470706282209359
2022-02-01 03:42:00;0,8470822209575595
2022-02-01 03:43:00;0,8470938136941831
2022-02-01 03:44:00;0,8470938136941831
2022-02-01 03:45:00;0,8470872072499743
2022-02-01 03:46:00;0,8470806008057654
2022-02-01 03:47:00;0,8470739943615566
2022-02-01 03:48:00;0,8470673879173479
2022-02-01 03:49:00;0,847060781473139
2022-02-01 03:50:00;0,8470541750289302
2022-02-01 03:51:00;0,8470475685847214
2022-02-01 03:52:00;0,8470409621405126
2022-02-01 03:53:00;0,8470272108268919
2022-02-01 03:54:00;0,8470134595132712
2022-02-01 03:55:00;0,8469997081996505
2022-02-01 03:56:00;0,8469859568860298
2022-02-01 03:57:00;0,8469722055724093
2022-02-01 03:58:00;0,8469584542587887
2022-02-01 03:59:00;0,8469447029451679
2022-02-01 04:00:00;0,8469272502572
2022-02-01 04:01:00;0,8469097975692321
2022-02-01 04:02:00;0,846892344881264
2022-02-01 04:03:00;0,8468748921932961
2022-02-01 04:04:00;0,8468574395053282
2022-02-01 04:05:00;0,8468399868173602
2022-02-01 04:06:00;0,8468225341293922
2022-02-01 04:07:00;0,8468050814414244
2022-02-01 04:08:00;0,8467876287534564
2022-02-01 04:09:00;0,8467651971288203
2022-02-01 04:10:00;0,8467380707620172
2022-02-01 04:11:00;0,8467109443952141
2022-02-01 04:12:00;0,8466763670604174
2022-02-01 04:13:00;0,8466417897256207
2022-02-01 04:14:00;0,846607212390824
2022-02-01 04:15:00;0,8465725627595061
2022-02-01 04:16:00;0,8465379131281885
2022-02-01 04:17:00;0,8465032634968707
2022-02-01 04:18:00;0,8464686138655527
2022-02-01 04:19:00;0,846433964234235
2022-02-01 04:20:00;0,8463993146029173
2022-02-01 04:21:00;0,8463642888156697
2022-02-01 04:22:00;0,8463273795137931
2022-02-01 04:23:00;0,8462865362159567
2022-02-01 04:24:00;0,8462456929181204
2022-02-01 04:25:00;0,8461951690690857
2022-02-01 04:26:00;0,8461446452200514
2022-02-01 04:27:00;0,8460941213710167
2022-02-01 04:28:00;0,8460435975219821
2022-02-01 04:29:00;0,8459930736729475
2022-02-01 04:30:00;0,8459376459984607
2022-02-01 04:31:00;0,8458822183239735
2022-02-01 04:32:00;0,8458267906494864
2022-02-01 04:33:00;0,8457713629749994
2022-02-01 04:34:00;0,8457159353005123
2022-02-01 04:35:00;0,8456605076260252
2022-02-01 04:36:00;0,8456050799515381
2022-02-01 04:37:00;0,8455496522770511
2022-02-01 04:38:00;0,845494224602564
2022-02-01 04:39:00;0,8454317071552659
2022-02-01 04:40:00;0,8453691897079674
2022-02-01 04:41:00;0,8453066722606696
2022-02-01 04:42:00;0,8452592209638259
2022-02-01 04:43:00;0,8452100963608392
2022-02-01 04:44:00;0,8451609717578525
2022-02-01 04:45:00;0,8451060560559797
2022-02-01 04:46:00;0,8450511403541069
2022-02-01 04:47:00;0,8449949465530215
2022-02-01 04:48:00;0,8449387527519359
2022-02-01 04:49:00;0,8448825589508506
2022-02-01 04:50:00;0,8448263651497648
2022-02-01 04:51:00;0,8447701713486797
2022-02-01 04:52:00;0,844719090109606
2022-02-01 04:53:00;0,8446680088705328
2022-02-01 04:54:00;0,8446169276314595
2022-02-01 04:55:00;0,8445648512005344
2022-02-01 04:56:00;0,8445046236266708
2022-02-01 04:57:00;0,8444443960528074
2022-02-01 04:58:00;0,844387336344781
2022-02-01 04:59:00;0,8443258297683748
2022-02-01 05:00:00;0,8442769361798823
2022-02-01 05:01:00;0,8442258305822727
2022-02-01 05:02:00;0,8441747249846637
2022-02-01 05:03:00;0,8441227126694396
2022-02-01 05:04:00;0,844069576841714
2022-02-01 05:05:00;0,8440201423883353
2022-02-01 05:06:00;0,843963319190099
2022-02-01 05:07:00;0,8439064959918628
2022-02-01 05:08:00;0,8438496727936263
2022-02-01 05:09:00;0,8437924807355882
2022-02-01 05:10:00;0,8437265540774469
2022-02-01 05:11:00;0,8436547815183919
2022-02-01 05:12:00;0,8435830089593369
2022-02-01 05:13:00;0,8434996436636585
2022-02-01 05:14:00;0,8434162783679796
2022-02-01 05:15:00;0,8433698423447913
2022-02-01 05:16:00;0,843323406321603
2022-02-01 05:17:00;0,843272293033585
2022-02-01 05:18:00;0,8432194071107485
2022-02-01 05:19:00;0,8431665211879121
2022-02-01 05:20:00;0,8431129570899831
2022-02-01 05:21:00;0,8430567760195853
2022-02-01 05:22:00;0,8430005949491874
2022-02-01 05:23:00;0,8429444138787897
2022-02-01 05:24:00;0,8428882328083918
2022-02-01 05:25:00;0,842832051737994
2022-02-01 05:26:00;0,8427751260977393
2022-02-01 05:27:00;0,84271393696512
2022-02-01 05:28:00;0,8426522791635763
2022-02-01 05:29:00;0,8425864569518698
2022-02-01 05:30:00;0,8425429171069115
2022-02-01 05:31:00;0,842498109874211
2022-02-01 05:32:00;0,8424533026415102
2022-02-01 05:33:00;0,8424084954088099
2022-02-01 05:34:00;0,8423629926561307
2022-02-01 05:35:00;0,8423174176069302
2022-02-01 05:36:00;0,8422710224518011
2022-02-01 05:37:00;0,8422131843276394
2022-02-01 05:38:00;0,8421553462034778
2022-02-01 05:39:00;0,8420960410711907
2022-02-01 05:40:00;0,8420367359389038
2022-02-01 05:41:00;0,8419743872972456
2022-02-01 05:42:00;0,8419084399252318
2022-02-01 05:43:00;0,8418424925532182
2022-02-01 05:44:00;0,8417724329671792
2022-02-01 05:45:00;0,8417083935652715
2022-02-01 05:46:00;0,8416443541633634
2022-02-01 05:47:00;0,8415778632624659
2022-02-01 05:48:00;0,8415113723615685
2022-02-01 05:49:00;0,8414424146398128
2022-02-01 05:50:00;0,8413730880582556
2022-02-01 05:51:00;0,8413028832660979
2022-02-01 05:52:00;0,8412326784739407
2022-02-01 05:53:00;0,841162473681783
2022-02-01 05:54:00;0,8410922688896255
2022-02-01 05:55:00;0,8410191139567741
2022-02-01 05:56:00;0,8409463278837247
2022-02-01 05:57:00;0,8408735418106752
2022-02-01 05:58:00;0,8407974951642126
2022-02-01 05:59:00;0,8407214485177503
2022-02-01 06:00:00;0,8406818488046534
2022-02-01 06:01:00;0,8406422490915562
2022-02-01 06:02:00;0,8405999249347978
2022-02-01 06:03:00;0,8405576007780392
2022-02-01 06:04:00;0,8405152766212809
2022-02-01 06:05:00;0,8404682085811964
2022-02-01 06:06:00;0,8404201248669377
2022-02-01 06:07:00;0,8403830911771976
2022-02-01 06:08:00;0,8403460574874573
2022-02-01 06:09:00;0,840309023797717
2022-02-01 06:10:00;0,8402650393787289
2022-02-01 06:11:00;0,8402193120971779
2022-02-01 06:12:00;0,8401735848156267
2022-02-01 06:13:00;0,8401160268233867
2022-02-01 06:14:00;0,8400584688311464
2022-02-01 06:15:00;0,8400190791828744
2022-02-01 06:16:00;0,8399796895346026
2022-02-01 06:17:00;0,8399359081263401
2022-02-01 06:18:00;0,8398921267180772
2022-02-01 06:19:00;0,8398483453098149
2022-02-01 06:20:00;0,8398049383770563
2022-02-01 06:21:00;0,8397611379938424
2022-02-01 06:22:00;0,8397173376106289
2022-02-01 06:23:00;0,8396735372274149
2022-02-01 06:24:00;0,8396297368442013
2022-02-01 06:25:00;0,8395859364609876
2022-02-01 06:26:00;0,8395421360777738
2022-02-01 06:27:00;0,8394983356945603
2022-02-01 06:28:00;0,8394545353113463
2022-02-01 06:29:00;0,8394092647583519
2022-02-01 06:30:00;0,8393724805790486
2022-02-01 06:31:00;0,8393326510480565
2022-02-01 06:32:00;0,8392928215170643
2022-02-01 06:33:00;0,8392529919860718
2022-02-01 06:34:00;0,8392131624550797
2022-02-01 06:35:00;0,8391692942228647
2022-02-01 06:36:00;0,83912542599065
2022-02-01 06:37:00;0,8390815577584348
2022-02-01 06:38:00;0,8390359465808519
2022-02-01 06:39:00;0,838987436165228
2022-02-01 06:40:00;0,838936989867976
2022-02-01 06:41:00;0,8388809403684668
2022-02-01 06:42:00;0,8388248908689574
2022-02-01 06:43:00;0,8387588244545913
2022-02-01 06:44:00;0,8386927580402253
2022-02-01 06:45:00;0,8386383946833359
2022-02-01 06:46:00;0,8385840313264463
2022-02-01 06:47:00;0,8385223463659652
2022-02-01 06:48:00;0,8384606614054839
2022-02-01 06:49:00;0,8383989764450029
2022-02-01 06:50:00;0,8383338727205533
2022-02-01 06:51:00;0,8382687689961036
2022-02-01 06:52:00;0,8381935157483541
2022-02-01 06:53:00;0,8381182625006048
2022-02-01 06:54:00;0,838038769888914
2022-02-01 06:55:00;0,8379708700138467
2022-02-01 06:56:00;0,8378951317887547
2022-02-01 06:57:00;0,8378165893509323
2022-02-01 06:58:00;0,8377380469131099
2022-02-01 06:59:00;0,83765764844608
2022-02-01 07:00:00;0,8376001378560277
2022-02-01 07:01:00;0,8375426272659762
2022-02-01 07:02:00;0,837485116675924
2022-02-01 07:03:00;0,8374276060858722
2022-02-01 07:04:00;0,8373650332846833
2022-02-01 07:05:00;0,837291417411961
2022-02-01 07:06:00;0,8372063975377895
2022-02-01 07:07:00;0,8371183379188684
2022-02-01 07:08:00;0,8370288003439998
2022-02-01 07:09:00;0,8369376816813607
2022-02-01 07:10:00;0,836843524667841
2022-02-01 07:11:00;0,8367410125846065
2022-02-01 07:12:00;0,8366377206263629
2022-02-01 07:13:00;0,8365320775123483
2022-02-01 07:14:00;0,8364264343983339
2022-02-01 07:15:00;0,8363782513796049
2022-02-01 07:16:00;0,8363315982021479
2022-02-01 07:17:00;0,8362953301218514
2022-02-01 07:18:00;0,8362574727827523
2022-02-01 07:19:00;0,8362160663417071
2022-02-01 07:20:00;0,8361746599006619
2022-02-01 07:21:00;0,8361332534596165
2022-02-01 07:22:00;0,8360918470185714
2022-02-01 07:23:00;0,8360515531928189
2022-02-01 07:24:00;0,8360105622220413
2022-02-01 07:25:00;0,8359695712512634
2022-02-01 07:26:00;0,8359274183721103
2022-02-01 07:27:00;0,8358852654929576
2022-02-01 07:28:00;0,8358431126138045
2022-02-01 07:29:00;0,8357993804877579
2022-02-01 07:30:00;0,8357519773284168
2022-02-01 07:31:00;0,8357042863494075
2022-02-01 07:32:00;0,8356565953703988
2022-02-01 07:33:00;0,8356089043913899
2022-02-01 07:34:00;0,8355612134123808
2022-02-01 07:35:00;0,8355086096634455
2022-02-01 07:36:00;0,8354523107297115
2022-02-01 07:37:00;0,8353902621561805
2022-02-01 07:38:00;0,8353278364490624
2022-02-01 07:39:00;0,8352654107419445
2022-02-01 07:40:00;0,8352039802266786
2022-02-01 07:41:00;0,8351371524327661
2022-02-01 07:42:00;0,835070324638853
2022-02-01 07:43:00;0,8350029835858753
2022-02-01 07:44:00;0,8349315343568563
2022-02-01 07:45:00;0,8348803240668633
2022-02-01 07:46:00;0,8348291137768703
2022-02-01 07:47:00;0,8347779034868773
2022-02-01 07:48:00;0,8347256336910159
2022-02-01 07:49:00;0,8346661026372829
2022-02-01 07:50:00;0,8346052017547285
2022-02-01 07:51:00;0,8345394898054072
2022-02-01 07:52:00;0,8344714382310582
2022-02-01 07:53:00;0,8344033866567094
2022-02-01 07:54:00;0,8343347633496678
2022-02-01 07:55:00;0,8342656632649854
2022-02-01 07:56:00;0,8341947894915996
2022-02-01 07:57:00;0,834123915718214
2022-02-01 07:58:00;0,8340510107493795
2022-02-01 07:59:00;0,833978105780545
2022-02-01 08:00:00;0,8339296527413645
2022-02-01 08:01:00;0,8338794623725183
2022-02-01 08:02:00;0,8338292720036722
2022-02-01 08:03:00;0,8337790816348258
2022-02-01 08:04:00;0,8337283121081872
2022-02-01 08:05:00;0,8336775425815484
2022-02-01 08:06:00;0,8336267730549096
2022-02-01 08:07:00;0,8335760035282708
2022-02-01 08:08:00;0,8335166653405356
2022-02-01 08:09:00;0,833458696981622
2022-02-01 08:10:00;0,8333995954853974
2022-02-01 08:11:00;0,833334937309531
2022-02-01 08:12:00;0,8332702791336646
2022-02-01 08:13:00;0,833205620957798
2022-02-01 08:14:00;0,8331382998432693
2022-02-01 08:15:00;0,8330993890450459
2022-02-01 08:16:00;0,8330604782468222
2022-02-01 08:17:00;0,8330215674485989
2022-02-01 08:18:00;0,8329826566503755
2022-02-01 08:19:00;0,832943745852152
2022-02-01 08:20:00;0,8329048350539288
2022-02-01 08:21:00;0,8328632131361631
2022-02-01 08:22:00;0,8328215912183975
2022-02-01 08:23:00;0,8327793737597158
2022-02-01 08:24:00;0,8327366915376838
2022-02-01 08:25:00;0,8326940093156523
2022-02-01 08:26:00;0,8326513270936201
2022-02-01 08:27:00;0,832606490203404
2022-02-01 08:28:00;0,832561653313188
2022-02-01 08:29:00;0,832516816422972
2022-02-01 08:30:00;0,8324799225075024
2022-02-01 08:31:00;0,8324427804020806
2022-02-01 08:32:00;0,832401794210049
2022-02-01 08:33:00;0,8323608080180174
2022-02-01 08:34:00;0,8323279729689242
2022-02-01 08:35:00;0,8322859544319184
2022-02-01 08:36:00;0,8322439358949125
2022-02-01 08:37:00;0,8321993016547397
2022-02-01 08:38:00;0,8321503977640525
2022-02-01 08:39:00;0,832100271366594
2022-02-01 08:40:00;0,8320501449691357
2022-02-01 08:41:00;0,831997684034939
2022-02-01 08:42:00;0,8319452231007419
2022-02-01 08:43:00;0,8318891581484174
2022-02-01 08:44:00;0,8318290581078367
2022-02-01 08:45:00;0,8317888325881825
2022-02-01 08:46:00;0,8317486070685283
2022-02-01 08:47:00;0,8317083815488738
2022-02-01 08:48:00;0,8316681560292198
2022-02-01 08:49:00;0,8316279305095654
2022-02-01 08:50:00;0,8315874131254904
2022-02-01 08:51:00;0,8315468957414152
2022-02-01 08:52:00;0,8315063783573402
2022-02-01 08:53:00;0,8314610231213597
2022-02-01 08:54:00;0,8314156678853797
2022-02-01 08:55:00;0,8313628534773152
2022-02-01 08:56:00;0,8313100390692506
2022-02-01 08:57:00;0,831255208227604
2022-02-01 08:58:00;0,8312003773859571
2022-02-01 08:59:00;0,8311455465443107
2022-02-01 09:00:00;0,8310888618489393
2022-02-01 09:01:00;0,831032177153568
2022-02-01 09:02:00;0,8309870851948203
2022-02-01 09:03:00;0,8309362576418043
2022-02-01 09:04:00;0,8308874552381222
2022-02-01 09:05:00;0,830833841767673
2022-02-01 09:06:00;0,8307802282972241
2022-02-01 09:07:00;0,8307238657673675
2022-02-01 09:08:00;0,8306689971197073
2022-02-01 09:09:00;0,8306090819430182
2022-02-01 09:10:00;0,8305496435439698
2022-02-01 09:11:00;0,8304902051449216
2022-02-01 09:12:00;0,8304285254834595
2022-02-01 09:13:00;0,8303653421758641
2022-02-01 09:14:00;0,8303021588682694
2022-02-01 09:15:00;0,8302494556012158
2022-02-01 09:16:00;0,8301967523341621
2022-02-01 09:17:00;0,8301460459108261
2022-02-01 09:18:00;0,8300953394874899
2022-02-01 09:19:00;0,8300447437220941
2022-02-01 09:20:00;0,8299907510773578
2022-02-01 09:21:00;0,8299367584326213
2022-02-01 09:22:00;0,8298807257371669
2022-02-01 09:23:00;0,8298160495884327
2022-02-01 09:24:00;0,8297479193311273
2022-02-01 09:25:00;0,8296797890738223
2022-02-01 09:26:00;0,8296116588165175
2022-02-01 09:27:00;0,8295435285592121
2022-02-01 09:28:00;0,8294753983019069
2022-02-01 09:29:00;0,8294072680446016
2022-02-01 09:30:00;0,8293366038920893
2022-02-01 09:31:00;0,8292703866079572
2022-02-01 09:32:00;0,829204169323825
2022-02-01 09:33:00;0,8291291308588713
2022-02-01 09:34:00;0,8290543405838701
2022-02-01 09:35:00;0,829002735782116
2022-02-01 09:36:00;0,828948791355334
2022-02-01 09:37:00;0,8288948469285522
2022-02-01 09:38:00;0,8288409025017702
2022-02-01 09:39:00;0,8287920383283421
2022-02-01 09:40:00;0,8287431741549145
2022-02-01 09:41:00;0,8286943099814864
2022-02-01 09:42:00;0,8286456175913376
2022-02-01 09:43:00;0,8285969252011888
2022-02-01 09:44:00;0,8285530438778067
2022-02-01 09:45:00;0,8285332423903892
2022-02-01 09:46:00;0,8285134409029715
2022-02-01 09:47:00;0,8284952725929932
2022-02-01 09:48:00;0,8284771042830152
2022-02-01 09:49:00;0,8284589359730368
2022-02-01 09:50:00;0,8284407676630589
2022-02-01 09:51:00;0,8284225993530807
2022-02-01 09:52:00;0,8284044310431025
2022-02-01 09:53:00;0,8283862627331244
2022-02-01 09:54:00;0,8283696242691736
2022-02-01 09:55:00;0,8283518499723981
2022-02-01 09:56:00;0,8283233657704804
2022-02-01 09:57:00;0,8283079522611336
2022-02-01 09:58:00;0,8283041314884104
2022-02-01 09:59:00;0,8283003107156871
2022-02-01 10:00:00;0,8283172057429796
2022-02-01 10:01:00;0,8283552691073469
2022-02-01 10:02:00;0,8283921974517167
2022-02-01 10:03:00;0,8284192192756985
2022-02-01 10:04:00;0,8284455035491499
2022-02-01 10:05:00;0,8284672258415394
2022-02-01 10:06:00;0,8284881922550738
2022-02-01 10:07:00;0,8285131902618712
2022-02-01 10:08:00;0,8285497810052918
2022-02-01 10:09:00;0,828585953232322
2022-02-01 10:10:00;0,8286221254593528
2022-02-01 10:11:00;0,8286582976863837
2022-02-01 10:12:00;0,8286944699134142
2022-02-01 10:13:00;0,8287306421404449
2022-02-01 10:14:00;0,8287624591871029
2022-02-01 10:15:00;0,828790701698349
2022-02-01 10:16:00;0,8288189442095949
2022-02-01 10:17:00;0,8288345044291107
2022-02-01 10:18:00;0,8288525507636898
2022-02-01 10:19:00;0,8288839326974553
2022-02-01 10:20:00;0,8289151625268516
2022-02-01 10:21:00;0,8289405345383256
2022-02-01 10:22:00;0,8289674101959316
2022-02-01 10:23:00;0,8289942858535384
2022-02-01 10:24:00;0,8290211615111445
2022-02-01 10:25:00;0,8290480371687509
2022-02-01 10:26:00;0,8290744210161328
2022-02-01 10:27:00;0,829103633007752
2022-02-01 10:28:00;0,8291560304726184
2022-02-01 10:29:00;0,8292084279374848
2022-02-01 10:30:00;0,8292708056885926
2022-02-01 10:31:00;0,829331865465471
2022-02-01 10:32:00;0,8293929252423494
2022-02-01 10:33:00;0,8294539850192282
2022-02-01 10:34:00;0,829493756316125
2022-02-01 10:35:00;0,8295288853365004
2022-02-01 10:36:00;0,8295640143568759
2022-02-01 10:37:00;0,829599143377251
2022-02-01 10:38:00;0,8296342723976268
2022-02-01 10:39:00;0,8296578086813783
2022-02-01 10:40:00;0,8296775784850012
2022-02-01 10:41:00;0,8296998151094824
2022-02-01 10:42:00;0,8297336444705867
2022-02-01 10:43:00;0,8297679538540299
2022-02-01 10:44:00;0,8298022632374726
2022-02-01 10:45:00;0,8298325232924948
2022-02-01 10:46:00;0,8298627833475166
2022-02-01 10:47:00;0,829889944980205
2022-02-01 10:48:00;0,829917146741597
2022-02-01 10:49:00;0,8299443485029888
2022-02-01 10:50:00;0,8299688773610724
2022-02-01 10:51:00;0,8299819413379621
2022-02-01 10:52:00;0,8299809808699862
2022-02-01 10:53:00;0,8299807581216132
2022-02-01 10:54:00;0,8299908634476867
2022-02-01 10:55:00;0,8299895735311603
2022-02-01 10:56:00;0,8299882836146334
2022-02-01 10:57:00;0,8299869936981068
2022-02-01 10:58:00;0,829989934493315
2022-02-01 10:59:00;0,8300137664198077
2022-02-01 11:00:00;0,8300494970696045
2022-02-01 11:01:00;0,830084725139367
2022-02-01 11:02:00;0,8301199532091297
2022-02-01 11:03:00;0,8301567849678143
2022-02-01 11:04:00;0,8302168021997463
2022-02-01 11:05:00;0,8302708818427565
2022-02-01 11:06:00;0,8303236261322169
2022-02-01 11:07:00;0,8303738876069383
2022-02-01 11:08:00;0,8304241490816602
2022-02-01 11:09:00;0,8304715432223184
2022-02-01 11:10:00;0,8305082934186213
2022-02-01 11:11:00;0,8305450436149242
2022-02-01 11:12:00;0,8305817938112269
2022-02-01 11:13:00;0,8306185440075297
2022-02-01 11:14:00;0,8306496194402682
2022-02-01 11:15:00;0,8306598725817026
2022-02-01 11:16:00;0,8306701257231371
2022-02-01 11:17:00;0,8306808921236368
2022-02-01 11:18:00;0,8306916585241361
2022-02-01 11:19:00;0,8307098539829116
2022-02-01 11:20:00;0,8307798447421517
2022-02-01 11:21:00;0,830849835501392
2022-02-01 11:22:00;0,8309198262606322
2022-02-01 11:23:00;0,8309898170198726
2022-02-01 11:24:00;0,8310482150424892
2022-02-01 11:25:00;0,8311066130651058
2022-02-01 11:26:00;0,8311650110877222
2022-02-01 11:27:00;0,8312234091103389
2022-02-01 11:28:00;0,8312818071329556
2022-02-01 11:29:00;0,8313402051555723
2022-02-01 11:30:00;0,8313811461102385
2022-02-01 11:31:00;0,8314220870649042
2022-02-01 11:32:00;0,83146302801957
2022-02-01 11:33:00;0,831503968974236
2022-02-01 11:34:00;0,831545919152453
2022-02-01 11:35:00;0,8315839678004291
2022-02-01 11:36:00;0,8316197158171282
2022-02-01 11:37:00;0,831655463833827
2022-02-01 11:38:00;0,8316912118505259
2022-02-01 11:39:00;0,8317278091877184
2022-02-01 11:40:00;0,8317759992615347
2022-02-01 11:41:00;0,8318277384372968
2022-02-01 11:42:00;0,8319028011452607
2022-02-01 11:43:00;0,8319756300119184
2022-02-01 11:44:00;0,8320600516151998
2022-02-01 11:45:00;0,83214912613774
2022-02-01 11:46:00;0,832249793396904
2022-02-01 11:47:00;0,8323628287266958
2022-02-01 11:48:00;0,8324990495297344
2022-02-01 11:49:00;0,8326236775961494
2022-02-01 11:50:00;0,8327434664566955
2022-02-01 11:51:00;0,8328607138326747
2022-02-01 11:52:00;0,8329779612086536
2022-02-01 11:53:00;0,8331025008499212
2022-02-01 11:54:00;0,8332386332278126
2022-02-01 11:55:00;0,8333779509735622
2022-02-01 11:56:00;0,833515160949017
2022-02-01 11:57:00;0,8336428859581435
2022-02-01 11:58:00;0,8337706109672697
2022-02-01 11:59:00;0,8338859983203096
2022-02-01 12:00:00;0,8339732307790417
2022-02-01 12:01:00;0,8340604632377736
2022-02-01 12:02:00;0,8341446130824488
2022-02-01 12:03:00;0,8342287629271237
2022-02-01 12:04:00;0,8343149299079714
2022-02-01 12:05:00;0,834402011661127
2022-02-01 12:06:00;0,8344890934142831
2022-02-01 12:07:00;0,8345685113146454
2022-02-01 12:08:00;0,8346210717008344
2022-02-01 12:09:00;0,8346736320870235
2022-02-01 12:10:00;0,8347268663800702
2022-02-01 12:11:00;0,8347916934097404
2022-02-01 12:12:00;0,8348572539434732
2022-02-01 12:13:00;0,834921419133271
2022-02-01 12:14:00;0,8349773741943602
2022-02-01 12:15:00;0,8350387478386252
2022-02-01 12:16:00;0,8351042296589313
2022-02-01 12:17:00;0,8351813042158605
2022-02-01 12:18:00;0,8352555754382975
2022-02-01 12:19:00;0,8353530268792896
2022-02-01 12:20:00;0,8354850050430448
2022-02-01 12:21:00;0,8356053904701767
2022-02-01 12:22:00;0,8357300455478228
2022-02-01 12:23:00;0,8358549528604805
2022-02-01 12:24:00;0,8359951480945605
2022-02-01 12:25:00;0,8361331496456277
2022-02-01 12:26:00;0,8362711511966952
2022-02-01 12:27:00;0,8364091527477626
2022-02-01 12:28:00;0,8365471542988302
2022-02-01 12:29:00;0,8366735631132741
2022-02-01 12:30:00;0,8367911004663268
2022-02-01 12:31:00;0,8368989011119641
2022-02-01 12:32:00;0,8370182944942248
2022-02-01 12:33:00;0,8371376878764856
2022-02-01 12:34:00;0,8372600261149591
2022-02-01 12:35:00;0,8373924543936657
2022-02-01 12:36:00;0,8375248826723727
2022-02-01 12:37:00;0,8376573109510794
2022-02-01 12:38:00;0,8377862365672207
2022-02-01 12:39:00;0,8379151621833619
2022-02-01 12:40:00;0,8380440877995031
2022-02-01 12:41:00;0,8381730134156441
2022-02-01 12:42:00;0,8383016492133697
2022-02-01 12:43:00;0,8384302850110952
2022-02-01 12:44:00;0,8385540301230583
2022-02-01 12:45:00;0,838663566087264
2022-02-01 12:46:00;0,8387650966646113
2022-02-01 12:47:00;0,8388666272419585
2022-02-01 12:48:00;0,8389531742072197
2022-02-01 12:49:00;0,8390299073939868
2022-02-01 12:50:00;0,8391024259459259
2022-02-01 12:51:00;0,8391761670046364
2022-02-01 12:52:00;0,8392499080633469
2022-02-01 12:53:00;0,8393236491220577
2022-02-01 12:54:00;0,8393969273495407
2022-02-01 12:55:00;0,8394820498007546
2022-02-01 12:56:00;0,8395787649885923
2022-02-01 12:57:00;0,8396407019665593
2022-02-01 12:58:00;0,8397037114753338
2022-02-01 12:59:00;0,8397667209841086
2022-02-01 13:00:00;0,8398326849690708
2022-02-01 13:01:00;0,8399102416906565
2022-02-01 13:02:00;0,839987798412242
2022-02-01 13:03:00;0,8400653551338276
2022-02-01 13:04:00;0,8401429118554133
2022-02-01 13:05:00;0,8402183298873348
2022-02-01 13:06:00;0,8402952487175745
2022-02-01 13:07:00;0,8403837602844376
2022-02-01 13:08:00;0,8404595144950229
2022-02-01 13:09:00;0,8405611652983973
2022-02-01 13:10:00;0,8406744088383956
2022-02-01 13:11:00;0,8407876523783938
2022-02-01 13:12:00;0,8409000001160165
2022-02-01 13:13:00;0,8410118359618626
2022-02-01 13:14:00;0,8411236718077088
2022-02-01 13:15:00;0,8412322770951012
2022-02-01 13:16:00;0,8413408823824935
2022-02-01 13:17:00;0,8414494876698858
2022-02-01 13:18:00;0,8415465002206546
2022-02-01 13:19:00;0,8416203272981764
2022-02-01 13:20:00;0,8416743062074256
2022-02-01 13:21:00;0,8417282851166751
2022-02-01 13:22:00;0,8417822640259245
2022-02-01 13:23:00;0,8418373390751503
2022-02-01 13:24:00;0,8419220145506958
2022-02-01 13:25:00;0,8420182827628651
2022-02-01 13:26:00;0,8421196131861708
2022-02-01 13:27:00;0,8422476317452899
2022-02-01 13:28:00;0,8423756503044086
2022-02-01 13:29:00;0,8425036688635276
2022-02-01 13:30:00;0,8426416208434522
2022-02-01 13:31:00;0,8427797255082004
2022-02-01 13:32:00;0,8429314541050212
2022-02-01 13:33:00;0,8430947754384658
2022-02-01 13:34:00;0,8432598704606133
2022-02-01 13:35:00;0,8434569470057226
2022-02-01 13:36:00;0,8436740033486642
2022-02-01 13:37:00;0,8438921691266994
2022-02-01 13:38:00;0,8441096753762237
2022-02-01 13:39:00;0,8443102098593313
2022-02-01 13:40:00;0,8444763593938641
2022-02-01 13:41:00;0,8446309161917733
2022-02-01 13:42:00;0,8447854729896829
2022-02-01 13:43:00;0,8449376333515684
2022-02-01 13:44:00;0,8450923351980213
2022-02-01 13:45:00;0,8452378634433982
2022-02-01 13:46:00;0,8453860546274373
2022-02-01 13:47:00;0,8455458385481001
2022-02-01 13:48:00;0,845703187994072
2022-02-01 13:49:00;0,8458605374400439
2022-02-01 13:50:00;0,8460047720494207
2022-02-01 13:51:00;0,8461490066587973
2022-02-01 13:52:00;0,8462816485315505
2022-02-01 13:53:00;0,8464133231940886
2022-02-01 13:54:00;0,8465363770761197
2022-02-01 13:55:00;0,8466703913636852
2022-02-01 13:56:00;0,8468006116647193
2022-02-01 13:57:00;0,8469230332156616
2022-02-01 13:58:00;0,8470338620299805
2022-02-01 13:59:00;0,8471265640197603
2022-02-01 14:00:00;0,847168944427546
2022-02-01 14:01:00;0,8472113248353317
2022-02-01 14:02:00;0,8472537052431174
2022-02-01 14:03:00;0,8472982403190873
2022-02-01 14:04:00;0,8473543681316805
2022-02-01 14:05:00;0,8473967949774782
2022-02-01 14:06:00;0,8474388160774938
2022-02-01 14:07:00;0,8474807790820913
2022-02-01 14:08:00;0,847511149350064
2022-02-01 14:09:00;0,8475427329911372
2022-02-01 14:10:00;0,8475743166322107
2022-02-01 14:11:00;0,84760351638508
2022-02-01 14:12:00;0,8476283558637991
2022-02-01 14:13:00;0,8476416026058939
2022-02-01 14:14:00;0,8476432566113659
2022-02-01 14:15:00;0,8476545939300602
2022-02-01 14:16:00;0,8476659312487547
2022-02-01 14:17:00;0,8476772685674487
2022-02-01 14:18:00;0,8476886058861433
2022-02-01 14:19:00;0,8476986841544236
2022-02-01 14:20:00;0,8477282281029345
2022-02-01 14:21:00;0,8477671164457082
2022-02-01 14:22:00;0,8478060047884822
2022-02-01 14:23:00;0,8478467766458851
2022-02-01 14:24:00;0,8478995173958416
2022-02-01 14:25:00;0,8479638508824214
2022-02-01 14:26:00;0,8480251201375727
2022-02-01 14:27:00;0,8480863893927244
2022-02-01 14:28:00;0,8481489367470882
2022-02-01 14:29:00;0,8482230768380762
2022-02-01 14:30:00;0,8483026643376366
2022-02-01 14:31:00;0,8483938445738212
2022-02-01 14:32:00;0,8484850248100049
2022-02-01 14:33:00;0,8485843243689822
2022-02-01 14:34:00;0,8487184021378297
2022-02-01 14:35:00;0,8488563557800848
2022-02-01 14:36:00;0,849004611149657
2022-02-01 14:37:00;0,8491528665192298
2022-02-01 14:38:00;0,849301121888802
2022-02-01 14:39:00;0,8494424300474818
2022-02-01 14:40:00;0,849576176949087
2022-02-01 14:41:00;0,8497093105973206
2022-02-01 14:42:00;0,8498424442455536
2022-02-01 14:43:00;0,8499650747122696
2022-02-01 14:44:00;0,850087705178986
2022-02-01 14:45:00;0,8501883798161569
2022-02-01 14:46:00;0,8502774617167044
2022-02-01 14:47:00;0,8503673624860112
2022-02-01 14:48:00;0,8504478952200567
2022-02-01 14:49:00;0,8505284279541016
2022-02-01 14:50:00;0,8505889299771123
2022-02-01 14:51:00;0,8506610247367462
2022-02-01 14:52:00;0,8507355273573403
2022-02-01 14:53:00;0,8508100299779339
2022-02-01 14:54:00;0,8508845325985281
2022-02-01 14:55:00;0,850959035219122
2022-02-01 14:56:00;0,8510335378397159
2022-02-01 14:57:00;0,8510945028265502
2022-02-01 14:58:00;0,8511585103918899
2022-02-01 14:59:00;0,851245703430477
2022-02-01 15:00:00;0,8513484521151155
2022-02-01 15:01:00;0,8514724113675124
2022-02-01 15:02:00;0,8515847778832852
2022-02-01 15:03:00;0,8517045953670519
2022-02-01 15:04:00;0,851823143324556
2022-02-01 15:05:00;0,851939398794441
2022-02-01 15:06:00;0,8520262301742358
2022-02-01 15:07:00;0,8521526776158065
2022-02-01 15:08:00;0,8522967548204229
2022-02-01 15:09:00;0,8524524247616627
2022-02-01 15:10:00;0,8526094668613647
2022-02-01 15:11:00;0,8527663919798155
2022-02-01 15:12:00;0,8529233170982659
2022-02-01 15:13:00;0,8530757953483361
2022-02-01 15:14:00;0,8532179482495252
2022-02-01 15:15:00;0,8533664500942765
2022-02-01 15:16:00;0,853525909696163
2022-02-01 15:17:00;0,8536791337782476
2022-02-01 15:18:00;0,8538323578603325
2022-02-01 15:19:00;0,8539855819424169
2022-02-01 15:20:00;0,8541464207500334
2022-02-01 15:21:00;0,8542956668210263
2022-02-01 15:22:00;0,8544477190350008
2022-02-01 15:23:00;0,8545997712489755
2022-02-01 15:24:00;0,8547515972289385
2022-02-01 15:25:00;0,8549045275119145
2022-02-01 15:26:00;0,8550741680738042
2022-02-01 15:27:00;0,8552481569658127
2022-02-01 15:28:00;0,8554142035832775
2022-02-01 15:29:00;0,8555927300654562
2022-02-01 15:30:00;0,8557650512086546
2022-02-01 15:31:00;0,8559373723518529
2022-02-01 15:32:00;0,8561096934950514
2022-02-01 15:33:00;0,8562793799253806
2022-02-01 15:34:00;0,8564393364568921
2022-02-01 15:35:00;0,85658165005886
2022-02-01 15:36:00;0,8567078679603914
2022-02-01 15:37:00;0,8568340858619232
2022-02-01 15:38:00;0,8569603037634547
2022-02-01 15:39:00;0,8570865216649863
2022-02-01 15:40:00;0,8572127395665179
2022-02-01 15:41:00;0,85733919814907
2022-02-01 15:42:00;0,8574656567316219
2022-02-01 15:43:00;0,8575921153141741
2022-02-01 15:44:00;0,8577216192484155
2022-02-01 15:45:00;0,8578294802351167
2022-02-01 15:46:00;0,8579358657826106
2022-02-01 15:47:00;0,8580353006611515
2022-02-01 15:48:00;0,8581482690058152
2022-02-01 15:49:00;0,8582736489558618
2022-02-01 15:50:00;0,8583962580558756
2022-02-01 15:51:00;0,8585252141791916
2022-02-01 15:52:00;0,8586541703025069
2022-02-01 15:53:00;0,8587715336891986
2022-02-01 15:54:00;0,858890422547619
2022-02-01 15:55:00;0,8590111001612468
2022-02-01 15:56:00;0,8591321501692452
2022-02-01 15:57:00;0,8592630885270495
2022-02-01 15:58:00;0,8594056196214772
2022-02-01 15:59:00;0,8595376498042944
2022-02-01 16:00:00;0,8596349290037647
2022-02-01 16:01:00;0,8597448492917141
2022-02-01 16:02:00;0,8598663623162872
2022-02-01 16:03:00;0,8599878753408601
2022-02-01 16:04:00;0,8601070310970418
2022-02-01 16:05:00;0,8602092556015531
2022-02-01 16:06:00;0,8603120752877017
2022-02-01 16:07:00;0,8604223929947157
2022-02-01 16:08:00;0,860555896174977
2022-02-01 16:09:00;0,8606909225292427
2022-02-01 16:10:00;0,8608259488835083
2022-02-01 16:11:00;0,860958782879329
2022-02-01 16:12:00;0,8610916168751497
2022-02-01 16:13:00;0,861218642782436
2022-02-01 16:14:00;0,8613456686897218
2022-02-01 16:15:00;0,8614615049729842
2022-02-01 16:16:00;0,8615670752582055
2022-02-01 16:17:00;0,861672645543427
2022-02-01 16:18:00;0,8617856701339448
2022-02-01 16:19:00;0,8619102874610864
2022-02-01 16:20:00;0,8620310569385843
2022-02-01 16:21:00;0,8621641162977318
2022-02-01 16:22:00;0,8622971756568787
2022-02-01 16:23:00;0,8624327178307643
2022-02-01 16:24:00;0,862580037171174
2022-02-01 16:25:00;0,862727924977233
2022-02-01 16:26:00;0,8628874055199152
2022-02-01 16:27:00;0,8630352933259737
2022-02-01 16:28:00;0,8631800767089574
2022-02-01 16:29:00;0,863336452828564
2022-02-01 16:30:00;0,8635173001503191
2022-02-01 16:31:00;0,8636848980058891
2022-02-01 16:32:00;0,863852495861459
2022-02-01 16:33:00;0,8640085009804053
2022-02-01 16:34:00;0,8641660471567757
2022-02-01 16:35:00;0,8643440956572237
2022-02-01 16:36:00;0,8645235104444883
2022-02-01 16:37:00;0,8647154851785915
2022-02-01 16:38:00;0,8649015712815284
2022-02-01 16:39:00;0,8651035618802481
2022-02-01 16:40:00;0,8653287379522144
2022-02-01 16:41:00;0,8655403973523792
2022-02-01 16:42:00;0,865752056752544
2022-02-01 16:43:00;0,8659654727019117
2022-02-01 16:44:00;0,8662020741245268
2022-02-01 16:45:00;0,8664290206570207
2022-02-01 16:46:00;0,8666590166061893
2022-02-01 16:47:00;0,8668789753532123
2022-02-01 16:48:00;0,8670973785657573
2022-02-01 16:49:00;0,8673157817783022
2022-02-01 16:50:00;0,8675331471055922
2022-02-01 16:51:00;0,8677172418057153
2022-02-01 16:52:00;0,8679112121307506
2022-02-01 16:53:00;0,8680935897191625
2022-02-01 16:54:00;0,8682759673075741
2022-02-01 16:55:00;0,868458344895986
2022-02-01 16:56:00;0,8686407224843975
2022-02-01 16:57:00;0,8688187485810351
2022-02-01 16:58:00;0,8689979823171352
2022-02-01 16:59:00;0,869163310226907
2022-02-01 17:00:00;0,869316957973872
2022-02-01 17:01:00;0,8694591077928165
2022-02-01 17:02:00;0,86961287754542
2022-02-01 17:03:00;0,8697784508116776
2022-02-01 17:04:00;0,8699344774315911
2022-02-01 17:05:00;0,8700587474907816
2022-02-01 17:06:00;0,8702062030232193
2022-02-01 17:07:00;0,8703536585556575
2022-02-01 17:08:00;0,8705058915158723
2022-02-01 17:09:00;0,8706654221145071
2022-02-01 17:10:00;0,8708499110620954
2022-02-01 17:11:00;0,8710463685701338
2022-02-01 17:12:00;0,8712494875105428
2022-02-01 17:13:00;0,8714199696882854
2022-02-01 17:14:00;0,871602044602651
2022-02-01 17:15:00;0,8717929385467955
2022-02-01 17:16:00;0,8719722397543157
2022-02-01 17:17:00;0,8721501868004895
2022-02-01 17:18:00;0,8723165411100399
2022-02-01 17:19:00;0,8724817683279814
2022-02-01 17:20:00;0,8726354028092996
2022-02-01 17:21:00;0,8727895020539678
2022-02-01 17:22:00;0,8729436012986358
2022-02-01 17:23:00;0,8730995437884275
2022-02-01 17:24:00;0,8732576786366639
2022-02-01 17:25:00;0,873404220748277
2022-02-01 17:26:00;0,8735348594556748
2022-02-01 17:27:00;0,873665498163072
2022-02-01 17:28:00;0,8737845441338464
2022-02-01 17:29:00;0,8739035901046203
2022-02-01 17:30:00;0,8740399126793373
2022-02-01 17:31:00;0,8741775546371906
2022-02-01 17:32:00;0,8743036038584204
2022-02-01 17:33:00;0,8744296530796504
2022-02-01 17:34:00;0,8745419700664717
2022-02-01 17:35:00;0,8746591079830597
2022-02-01 17:36:00;0,8747762458996474
2022-02-01 17:37:00;0,8749019524773318
2022-02-01 17:38:00;0,8750160663183926
2022-02-01 17:39:00;0,8751301801594533
2022-02-01 17:40:00;0,8752450385703708
2022-02-01 17:41:00;0,8753598969812884
2022-02-01 17:42:00;0,875474755392206
2022-02-01 17:43:00;0,8755896138031233
2022-02-01 17:44:00;0,8757044722140407
2022-02-01 17:45:00;0,8758193614489352
2022-02-01 17:46:00;0,8759226579472055
2022-02-01 17:47:00;0,8760252671502237
2022-02-01 17:48:00;0,8761278763532417
2022-02-01 17:49:00;0,8762304855562597
2022-02-01 17:50:00;0,8763228590193403
2022-02-01 17:51:00;0,8764152324824207
2022-02-01 17:52:00;0,8764966087497938
2022-02-01 17:53:00;0,8765766076662264
2022-02-01 17:54:00;0,8766581581234673
2022-02-01 17:55:00;0,8767397085807077
2022-02-01 17:56:00;0,8768212590379483
2022-02-01 17:57:00;0,8768912167585655
2022-02-01 17:58:00;0,8769611744791823
2022-02-01 17:59:00;0,8770195394631758
2022-02-01 18:00:00;0,877060968166322
2022-02-01 18:01:00;0,8771023968694678
2022-02-01 18:02:00;0,8771438088610064
2022-02-01 18:03:00;0,8771860007275541
2022-02-01 18:04:00;0,8772490834770922
2022-02-01 18:05:00;0,8773148057707307
2022-02-01 18:06:00;0,8773805280643691
2022-02-01 18:07:00;0,8774462503580075
2022-02-01 18:08:00;0,8775139913686465
2022-02-01 18:09:00;0,8775670412203271
2022-02-01 18:10:00;0,8776245507767098
2022-02-01 18:11:00;0,8776820603330922
2022-02-01 18:12:00;0,8777377521132427
2022-02-01 18:13:00;0,8777934438933929
2022-02-01 18:14:00;0,8778480609082963
2022-02-01 18:15:00;0,8779076227087906
2022-02-01 18:16:00;0,8779787772459089
2022-02-01 18:17:00;0,8780383390464029
2022-02-01 18:18:00;0,878087511207994
2022-02-01 18:19:00;0,878148276106208
2022-02-01 18:20:00;0,8782017838625475
2022-02-01 18:21:00;0,8782552916188868
2022-02-01 18:22:00;0,8783087993752263
2022-02-01 18:23:00;0,8783623071315662
2022-02-01 18:24:00;0,8784158148879057
2022-02-01 18:25:00;0,8784716154767722
2022-02-01 18:26:00;0,8785276977403967
2022-02-01 18:27:00;0,8785953727406446
2022-02-01 18:28:00;0,8786630477408922
2022-02-01 18:29:00;0,8787307227411403
2022-02-01 18:30:00;0,8788070322469014
2022-02-01 18:31:00;0,8788873768409189
2022-02-01 18:32:00;0,8789793141715596
2022-02-01 18:33:00;0,8790733124331562
2022-02-01 18:34:00;0,8791557179581284
2022-02-01 18:35:00;0,8792349040079207
2022-02-01 18:36:00;0,879325682794336
2022-02-01 18:37:00;0,8794271967183362
2022-02-01 18:38:00;0,8795153644803468
2022-02-01 18:39:00;0,8796067978996238
2022-02-01 18:40:00;0,8796986037132711
2022-02-01 18:41:00;0,879788708889096
2022-02-01 18:42:00;0,8798786001262362
2022-02-01 18:43:00;0,8799746553434676
2022-02-01 18:44:00;0,8800823032973227
2022-02-01 18:45:00;0,880182918800513
2022-02-01 18:46:00;0,8803183125135741
2022-02-01 18:47:00;0,8804421134900119
2022-02-01 18:48:00;0,8805427289932022
2022-02-01 18:49:00;0,8806433444963924
2022-02-01 18:50:00;0,8807434764511551
2022-02-01 18:51:00;0,880843608405917
2022-02-01 18:52:00;0,8809437403606798
2022-02-01 18:53:00;0,8810438723154419
2022-02-01 18:54:00;0,881144004270205
2022-02-01 18:55:00;0,8812325434883437
2022-02-01 18:56:00;0,8813244146014853
2022-02-01 18:57:00;0,8814394711878742
2022-02-01 18:58:00;0,8815603015150406
2022-02-01 18:59:00;0,8816811318422071
2022-02-01 19:00:00;0,8817887965483131
2022-02-01 19:01:00;0,8818964612544183
2022-02-01 19:02:00;0,882007729978652
2022-02-01 19:03:00;0,8821189987028847
2022-02-01 19:04:00;0,8822312187396003
2022-02-01 19:05:00;0,8823436813461405
2022-02-01 19:06:00;0,8824611904817101
2022-02-01 19:07:00;0,8825902923539032
2022-02-01 19:08:00;0,8827019239720048
2022-02-01 19:09:00;0,8828166940600757
2022-02-01 19:10:00;0,8829171755733158
2022-02-01 19:11:00;0,8830292498231792
2022-02-01 19:12:00;0,8831413240730428
2022-02-01 19:13:00;0,8832533983229061
2022-02-01 19:14:00;0,8833654725727696
2022-02-01 19:15:00;0,8834672033836505
2022-02-01 19:16:00;0,8835700612861396
2022-02-01 19:17:00;0,8836705646586547
2022-02-01 19:18:00;0,883771068031169
2022-02-01 19:19:00;0,883871571403684
2022-02-01 19:20:00;0,8839780405038538
2022-02-01 19:21:00;0,8841203625791412
2022-02-01 19:22:00;0,8842829208443318
2022-02-01 19:23:00;0,8844570718461464
2022-02-01 19:24:00;0,8846312228479606
2022-02-01 19:25:00;0,8848053738497752
2022-02-01 19:26:00;0,8849826232739233
2022-02-01 19:27:00;0,8851482799614483
2022-02-01 19:28:00;0,8853147942480118
2022-02-01 19:29:00;0,8854813085345753
2022-02-01 19:30:00;0,8856458236647106
2022-02-01 19:31:00;0,8858146939752174
2022-02-01 19:32:00;0,8859951570223485
2022-02-01 19:33:00;0,8861640273328558
2022-02-01 19:34:00;0,8863339426536886
2022-02-01 19:35:00;0,8864980736541728
2022-02-01 19:36:00;0,8866527618437346
2022-02-01 19:37:00;0,8868074500332964
2022-02-01 19:38:00;0,8869621382228584
2022-02-01 19:39:00;0,8871168264124203
2022-02-01 19:40:00;0,8872661161969158
2022-02-01 19:41:00;0,887392220508164
2022-02-01 19:42:00;0,8875246884627676
2022-02-01 19:43:00;0,8876578437126232
2022-02-01 19:44:00;0,8877923108236553
2022-02-01 19:45:00;0,8879217237540299
2022-02-01 19:46:00;0,8880511366844042
2022-02-01 19:47:00;0,8881805496147792
2022-02-01 19:48:00;0,8883064768200277
2022-02-01 19:49:00;0,8884324040252768
2022-02-01 19:50:00;0,8885672795423234
2022-02-01 19:51:00;0,8887137477959935
2022-02-01 19:52:00;0,8888489035275022
2022-02-01 19:53:00;0,8889855124274372
2022-02-01 19:54:00;0,8891124325625365
2022-02-01 19:55:00;0,8892335879842019
2022-02-01 19:56:00;0,8893663361424903
2022-02-01 19:57:00;0,8895008377261456
2022-02-01 19:58:00;0,8896353393098003
2022-02-01 19:59:00;0,8897693982616934
2022-02-01 20:00:00;0,8899017242926149
2022-02-01 20:01:00;0,8900224575869128
2022-02-01 20:02:00;0,8901439179930816
2022-02-01 20:03:00;0,8902537856626266
2022-02-01 20:04:00;0,8903636533321715
2022-02-01 20:05:00;0,8904735210017165
2022-02-01 20:06:00;0,8905844952506667
2022-02-01 20:07:00;0,8906954694996165
2022-02-01 20:08:00;0,8908064437485667
2022-02-01 20:09:00;0,8909174179975166
2022-02-01 20:10:00;0,8910283922464666
2022-02-01 20:11:00;0,8911393664954166
2022-02-01 20:12:00;0,8912444836020114
2022-02-01 20:13:00;0,8913611934452293
2022-02-01 20:14:00;0,8914807930570976
2022-02-01 20:15:00;0,8915947744786351
2022-02-01 20:16:00;0,8916971631635497
2022-02-01 20:17:00;0,891798760218582
2022-02-01 20:18:00;0,891902671429751
2022-02-01 20:19:00;0,8920181753775436
2022-02-01 20:20:00;0,8921334653866511
2022-02-01 20:21:00;0,8922406167677065
2022-02-01 20:22:00;0,8923593608853851
2022-02-01 20:23:00;0,8924781050030641
2022-02-01 20:24:00;0,8926009680281721
2022-02-01 20:25:00;0,8927354237899038
2022-02-01 20:26:00;0,8928582868150118
2022-02-01 20:27:00;0,89298114984012
2022-02-01 20:28:00;0,8931002528112355
2022-02-01 20:29:00;0,8932193557823515
2022-02-01 20:30:00;0,8933250169301649
2022-02-01 20:31:00;0,8934306780779783
2022-02-01 20:32:00;0,8935363392257921
2022-02-01 20:33:00;0,893642000373606
2022-02-01 20:34:00;0,8937462862013018
2022-02-01 20:35:00;0,893850572028998
2022-02-01 20:36:00;0,8939552763730841
2022-02-01 20:37:00;0,8940483879805466
2022-02-01 20:38:00;0,8941414995880093
2022-02-01 20:39:00;0,8942346111954718
2022-02-01 20:40:00;0,8943277228029344
2022-02-01 20:41:00;0,8944193674022713
2022-02-01 20:42:00;0,8945110120016089
2022-02-01 20:43:00;0,8946039725848787
2022-02-01 20:44:00;0,8946969331681488
2022-02-01 20:45:00;0,8947741966217966
2022-02-01 20:46:00;0,8948516466471116
2022-02-01 20:47:00;0,8949406894090505
2022-02-01 20:48:00;0,8950297321709895
2022-02-01 20:49:00;0,8951187749329281
2022-02-01 20:50:00;0,8951841895898578
2022-02-01 20:51:00;0,8952400453168833
2022-02-01 20:52:00;0,8952959010439087
2022-02-01 20:53:00;0,8953517567709343
2022-02-01 20:54:00;0,8954076124979597
2022-02-01 20:55:00;0,8954518754883616
2022-02-01 20:56:00;0,8954961384787636
2022-02-01 20:57:00;0,8955404014691655
2022-02-01 20:58:00;0,8955846644595674
2022-02-01 20:59:00;0,8956319913121387
2022-02-01 21:00:00;0,8956976138982952
2022-02-01 21:01:00;0,8957706501585098
2022-02-01 21:02:00;0,8958668718919716
2022-02-01 21:03:00;0,8959630936254328
2022-02-01 21:04:00;0,8960593153588947
2022-02-01 21:05:00;0,8961585119426033
2022-02-01 21:06:00;0,8962697438946974
2022-02-01 21:07:00;0,8963809758467914
2022-02-01 21:08:00;0,8964806150622622
2022-02-01 21:09:00;0,8965838902625599
2022-02-01 21:10:00;0,8967153534338128
2022-02-01 21:11:00;0,8968546260049445
2022-02-01 21:12:00;0,8969938985760763
2022-02-01 21:13:00;0,8971331711472081
2022-02-01 21:14:00;0,8972724437183397
2022-02-01 21:15:00;0,8974124104410146
2022-02-01 21:16:00;0,8975523771636891
2022-02-01 21:17:00;0,8976923438863637
2022-02-01 21:18:00;0,8978331022389204
2022-02-01 21:19:00;0,8979854533281004
2022-02-01 21:20:00;0,8981310306920967
2022-02-01 21:21:00;0,8982766080560928
2022-02-01 21:22:00;0,8984221854200889
2022-02-01 21:23:00;0,8985679767227701
2022-02-01 21:24:00;0,8987137680254512
2022-02-01 21:25:00;0,8988580646555218
2022-02-01 21:26:00;0,8990023612855924
2022-02-01 21:27:00;0,899146657915663
2022-02-01 21:28:00;0,8992909545457335
2022-02-01 21:29:00;0,8994236584391803
2022-02-01 21:30:00;0,8995566599442464
2022-02-01 21:31:00;0,8996910367694299
2022-02-01 21:32:00;0,8998191724867692
2022-02-01 21:33:00;0,8999473082041086
2022-02-01 21:34:00;0,9000754439214482
2022-02-01 21:35:00;0,9001777857998001
2022-02-01 21:36:00;0,9002774929652833
2022-02-01 21:37:00;0,9003682421070116
2022-02-01 21:38:00;0,9004589912487402
2022-02-01 21:39:00;0,9005381476538451
2022-02-01 21:40:00;0,9006173040589499
2022-02-01 21:41:00;0,9006964604640548
2022-02-01 21:42:00;0,9007791025942854
2022-02-01 21:43:00;0,90088801281182
2022-02-01 21:44:00;0,9010056360248119
2022-02-01 21:45:00;0,9010946162767783
2022-02-01 21:46:00;0,9011835965287447
2022-02-01 21:47:00;0,9012609840440876
2022-02-01 21:48:00;0,9013383715594303
2022-02-01 21:49:00;0,9014157590747731
2022-02-01 21:50:00;0,9014919781902565
2022-02-01 21:51:00;0,901558564795491
2022-02-01 21:52:00;0,901613558664102
2022-02-01 21:53:00;0,9016685525327127
2022-02-01 21:54:00;0,9017119536647004
2022-02-01 21:55:00;0,9017553547966876
2022-02-01 21:56:00;0,9017871631920515
2022-02-01 21:57:00;0,9018189715874152
2022-02-01 21:58:00;0,9018507799827792
2022-02-01 21:59:00;0,9018837435115422
2022-02-01 22:00:00;0,9019295696874541
2022-02-01 22:01:00;0,9019802865491288
2022-02-01 22:02:00;0,9020425961474271
2022-02-01 22:03:00;0,9021049057457257
2022-02-01 22:04:00;0,9021672153440241
2022-02-01 22:05:00;0,9022257416055779
2022-02-01 22:06:00;0,9022871352011951
2022-02-01 22:07:00;0,902360121533436
2022-02-01 22:08:00;0,9024215151290529
2022-02-01 22:09:00;0,9024829087246704
2022-02-01 22:10:00;0,9025443023202873
2022-02-01 22:11:00;0,9026056959159047
2022-02-01 22:12:00;0,9026554967748982
2022-02-01 22:13:00;0,902705297633892
2022-02-01 22:14:00;0,9027550984928856
2022-02-01 22:15:00;0,9028036241508507
2022-02-01 22:16:00;0,9028521498088157
2022-02-01 22:17:00;0,9029006754667807
2022-02-01 22:18:00;0,9029492011247459
2022-02-01 22:19:00;0,9029977267827108
2022-02-01 22:20:00;0,9030447577680654
2022-02-01 22:21:00;0,9030917887534199
2022-02-01 22:22:00;0,9031388197387745
2022-02-01 22:23:00;0,9031626652508817
2022-02-01 22:24:00;0,9031902940997337
2022-02-01 22:25:00;0,9032220479361214
2022-02-01 22:26:00;0,9032769872457562
2022-02-01 22:27:00;0,9033319265553912
2022-02-01 22:28:00;0,9033868658650258
2022-02-01 22:29:00;0,9034302124380374
2022-02-01 22:30:00;0,903464719275363
2022-02-01 22:31:00;0,9034992261126885
2022-02-01 22:32:00;0,9035221402133905
2022-02-01 22:33:00;0,9035463295151214
2022-02-01 22:34:00;0,903570518816852
2022-02-01 22:35:00;0,9035947081185829
2022-02-01 22:36:00;0,9036188974203135
2022-02-01 22:37:00;0,9036468634876438
2022-02-01 22:38:00;0,903674829554974
2022-02-01 22:39:00;0,9037027956223045
2022-02-01 22:40:00;0,9037322563622452
2022-02-01 22:41:00;0,903761717102186
2022-02-01 22:42:00;0,903791177842127
2022-02-01 22:43:00;0,9038206385820678
2022-02-01 22:44:00;0,9038500993220089
2022-02-01 22:45:00;0,9038884119786313
2022-02-01 22:46:00;0,9039267246352538
2022-02-01 22:47:00;0,9039650372918766
2022-02-01 22:48:00;0,9040033499484993
2022-02-01 22:49:00;0,9040431296132472
2022-02-01 22:50:00;0,9040851029610079
2022-02-01 22:51:00;0,9041270763087684
2022-02-01 22:52:00;0,904169049656529
2022-02-01 22:53:00;0,9042110230042895
2022-02-01 22:54:00;0,9042529963520498
2022-02-01 22:55:00;0,904296847470211
2022-02-01 22:56:00;0,9043370099903554
2022-02-01 22:57:00;0,904369268371893
2022-02-01 22:58:00;0,9044015267534304
2022-02-01 22:59:00;0,9044337851349681
2022-02-01 23:00:00;0,9044636596283017
2022-02-01 23:01:00;0,9044935341216352
2022-02-01 23:02:00;0,9045234086149688
2022-02-01 23:03:00;0,9045532831083026
2022-02-01 23:04:00;0,9045855414898402
2022-02-01 23:05:00;0,9046177998713777
2022-02-01 23:06:00;0,9046500582529152
2022-02-01 23:07:00;0,9046835630452552
2022-02-01 23:08:00;0,9047170678375953
2022-02-01 23:09:00;0,9047505726299352
2022-02-01 23:10:00;0,9047840774222754
2022-02-01 23:11:00;0,9048175822146154
2022-02-01 23:12:00;0,9048510870069555
2022-02-01 23:13:00;0,9048845917992955
2022-02-01 23:14:00;0,9049180965916355
2022-02-01 23:15:00;0,9049492013976761
2022-02-01 23:16:00;0,9049803062037166
2022-02-01 23:17:00;0,9050114110097572
2022-02-01 23:18:00;0,9050425158157978
2022-02-01 23:19:00;0,9050736206218383
2022-02-01 23:20:00;0,9051047254278788
2022-02-01 23:21:00;0,9051358302339193
2022-02-01 23:22:00;0,9051669350399599
2022-02-01 23:23:00;0,9051980398460006
2022-02-01 23:24:00;0,9052184298017454
2022-02-01 23:25:00;0,9052388197574904
2022-02-01 23:26:00;0,9052592097132353
2022-02-01 23:27:00;0,9052795996689803
2022-02-01 23:28:00;0,9052999896247252
2022-02-01 23:29:00;0,9053203795804701
2022-02-01 23:30:00;0,9053339759898834
2022-02-01 23:31:00;0,9053475723992965
2022-02-01 23:32:00;0,9053495760720863
2022-02-01 23:33:00;0,905351579744876
2022-02-01 23:34:00;0,9053535834176658
2022-02-01 23:35:00;0,9053555870904556
2022-02-01 23:36:00;0,9053575907632453
2022-02-01 23:37:00;0,905359594436035
2022-02-01 23:38:00;0,9053615981088248
2022-02-01 23:39:00;0,9053636017816146
2022-02-01 23:40:00;0,9053656054544044
2022-02-01 23:41:00;0,905367609127194
2022-02-01 23:42:00;0,9053696127999837
2022-02-01 23:43:00;0,9053716164727735
2022-02-01 23:44:00;0,9053736201455633
2022-02-01 23:45:00;0,905375623818353
2022-02-01 23:46:00;0,9053794533471609
2022-02-01 23:47:00;0,905383282875969
2022-02-01 23:48:00;0,9053871124047769
2022-02-01 23:49:00;0,9053909419335848
2022-02-01 23:50:00;0,9053947714623927
2022-02-01 23:51:00;0,9053986009912008
2022-02-01 23:52:00;0,905390837783385
2022-02-01 23:53:00;0,9053830745755694
2022-02-01 23:54:00;0,9053753113677538
2022-02-01 23:55:00;0,9053690702599099
2022-02-01 23:56:00;0,9053628291520657
2022-02-01 23:57:00;0,9053565880442216
2022-02-01 23:58:00;0,9053565880442216
2022-02-01 23:59:00;0,9053565880442216
